"open_time","open","high","low","close","volume","close_time","quote_asset_volume","trades","taker_buy_base_asset_volume","taker_buy_quote_asset_volume","symbol"
2021-05-13 04:00:00,51332.74,51367.19,50605.38,50879.72,3632.057094,2021-05-13 04:59:59,185205321.51294,101776,1790.784202,91289466.7258568,"BTCUSDT"
2021-05-13 05:00:00,50879.73,50950,49938.44,50015.82,4616.644825,2021-05-13 05:59:59,232592649.4442,127263,2286.173201,115209979.241441,"BTCUSDT"
2021-05-13 06:00:00,50015.83,50354.28,48747.89,49212.91,8623.516471,2021-05-13 06:59:59,428217306.163141,205034,4070.457418,202192558.518784,"BTCUSDT"
2021-05-13 07:00:00,49212.92,50243.61,48901,49171.76,8782.325893,2021-05-13 07:59:59,435431030.930518,182114,4753.650951,235755353.206117,"BTCUSDT"
2021-05-13 08:00:00,49176.56,49909.8,48457.12,49777.01,6132.186867,2021-05-13 08:59:59,301930927.922547,152730,3048.857802,150122521.674275,"BTCUSDT"
2021-05-13 09:00:00,49777.01,50400,49528.46,50158.05,4589.170703,2021-05-13 09:59:59,229794939.996319,122933,2373.091961,118836338.26224,"BTCUSDT"
2021-05-13 10:00:00,50159.29,50585.52,49594,50500,3970.491935,2021-05-13 10:59:59,199239936.803694,108246,1992.321436,100007792.17076,"BTCUSDT"
2021-05-13 11:00:00,50500.01,50884.34,50207.56,50288.69,3752.911213,2021-05-13 11:59:59,189652725.600613,104145,1796.296113,90779670.0498867,"BTCUSDT"
2021-05-13 12:00:00,50288.68,50394.2,49458.68,49627.64,4978.783253,2021-05-13 12:59:59,248565796.067294,115590,2460.808905,122849602.633995,"BTCUSDT"
2021-05-13 13:00:00,49627.63,50429.99,48434.2,48635.4,6007.197865,2021-05-13 13:59:59,297604819.872209,149029,2975.154783,147536779.714071,"BTCUSDT"
2021-05-13 14:00:00,48635.65,48888,47000,48465.11,11630.740179,2021-05-13 14:59:59,558009110.944247,244584,5042.36741,242062338.729387,"BTCUSDT"
2021-05-13 15:00:00,48465.11,48964.41,47672.59,47844.04,6375.313151,2021-05-13 15:59:59,308258295.123961,149295,3005.197745,145261413.798177,"BTCUSDT"
2021-05-13 16:00:00,47844.04,49384.2,47832.38,48568.85,4923.945507,2021-05-13 16:59:59,239925381.580245,119719,2515.509306,122561293.777738,"BTCUSDT"
2021-05-13 17:00:00,48569.97,49450,48367.56,49304.15,4073.877133,2021-05-13 17:59:59,199796526.897778,100429,2208.728572,108332697.321647,"BTCUSDT"
2021-05-13 18:00:00,49304.11,49866.03,49000,49564.94,2593.165053,2021-05-13 18:59:59,128484104.796879,93588,1323.583565,65594103.2145313,"BTCUSDT"
2021-05-13 19:00:00,49564.93,49879.77,48838.38,48857.72,3571.571945,2021-05-13 19:59:59,176481652.09279,110578,1867.051034,92267248.01684,"BTCUSDT"
2021-05-13 20:00:00,48857.76,49759.1,48350,49670.97,3799.359253,2021-05-13 20:59:59,186472761.469016,121978,1957.35411,96093433.9259999,"BTCUSDT"
2021-05-13 21:00:00,49671.92,50241.19,49479.77,50029.78,4470.636113,2021-05-13 21:59:59,223240429.257154,113496,2197.549873,109724109.435623,"BTCUSDT"
2021-05-13 22:00:00,50029.77,50390.7,49855.09,50015.76,3253.803967,2021-05-13 22:59:59,163132723.817333,84399,1431.144637,71755916.6460693,"BTCUSDT"
2021-05-13 23:00:00,50019.56,50070.68,49414.5,49464.64,3144.16476,2021-05-13 23:59:59,156120749.153498,77989,1346.561575,66851661.1986571,"BTCUSDT"
2021-05-14 00:00:00,49464.63,49663.18,49021.01,49157.93,2794.497577,2021-05-14 00:59:59,137960403.498149,65043,1410.004485,69599482.175726,"BTCUSDT"
2021-05-14 01:00:00,49157.94,49540.09,48799.75,49198.86,3932.039844,2021-05-14 01:59:59,193500416.235116,87094,1732.531054,85274923.0773969,"BTCUSDT"
2021-05-14 02:00:00,49195.17,49736.84,49042.29,49653.44,2676.459272,2021-05-14 02:59:59,132162981.282612,72991,1346.886364,66506287.0058272,"BTCUSDT"
2021-05-14 03:00:00,49649.77,49706.55,48862.56,49056.83,3448.437632,2021-05-14 03:59:59,169482635.062028,92362,1639.719447,80561647.6860969,"BTCUSDT"
2021-05-14 04:00:00,49056.83,50286.26,49050,49987.2,4177.17298,2021-05-14 04:59:59,208219279.808007,99854,2282.355528,113781031.725172,"BTCUSDT"
2021-05-14 05:00:00,49987.19,50420.17,49880,50365.98,3437.195258,2021-05-14 05:59:59,172581504.839901,99694,1702.47651,85479755.9447348,"BTCUSDT"
2021-05-14 06:00:00,50365.97,50800,50140.1,50413.21,4037.606556,2021-05-14 06:59:59,204007041.057659,105853,1864.514118,94203589.3836142,"BTCUSDT"
2021-05-14 07:00:00,50413.21,50767.39,50213,50720.34,3962.663023,2021-05-14 07:59:59,199978548.745906,90998,1828.230467,92230512.9796297,"BTCUSDT"
2021-05-14 08:00:00,50720.34,50958.32,50478.79,50538.14,3477.032307,2021-05-14 08:59:59,176243214.761361,87030,1432.791596,72635463.0790215,"BTCUSDT"
2021-05-14 09:00:00,50538.13,50624.93,50226.19,50310.83,3335.756373,2021-05-14 09:59:59,168070633.432169,77320,1467.763635,73942257.0649899,"BTCUSDT"
2021-05-14 10:00:00,50310.83,50977.6,50037,50937.18,3262.853932,2021-05-14 10:59:59,164858530.602569,84890,1556.34361,78627282.7968713,"BTCUSDT"
2021-05-14 11:00:00,50937.19,50949.96,50470.87,50873.78,3009.039971,2021-05-14 11:59:59,152517810.139665,81800,1460.279399,74013846.2640938,"BTCUSDT"
2021-05-14 12:00:00,50873.78,51483,50873.77,51211.98,4260.602988,2021-05-14 12:59:59,218352818.161469,120665,2017.883397,103403447.815717,"BTCUSDT"
2021-05-14 13:00:00,51211.98,51322.41,50660.59,50809,3747.950068,2021-05-14 13:59:59,191212371.626586,116425,1603.94029,81843882.4514613,"BTCUSDT"
2021-05-14 14:00:00,50809,51053.74,50490.26,50569.36,2632.602151,2021-05-14 14:59:59,133616105.243788,70117,1185.345647,60177677.9962349,"BTCUSDT"
2021-05-14 15:00:00,50569.37,50728.96,50330.62,50470.07,3438.132861,2021-05-14 15:59:59,173741355.819188,80363,1450.696789,73293605.4214693,"BTCUSDT"
2021-05-14 16:00:00,50470.89,50479.49,50083.8,50138.09,2652.32953,2021-05-14 16:59:59,133292453.31599,70851,1194.468244,60028758.338407,"BTCUSDT"
2021-05-14 17:00:00,50141.33,50294.6,49065,49146.02,4218.742028,2021-05-14 17:59:59,209466633.48336,107334,1925.831952,95605049.5127348,"BTCUSDT"
2021-05-14 18:00:00,49146.01,49848.48,49030,49807.18,2362.804044,2021-05-14 18:59:59,117047918.61368,82246,1181.681739,58537948.8850481,"BTCUSDT"
2021-05-14 19:00:00,49810.37,50142.06,49613.22,49912.26,2042.977506,2021-05-14 19:59:59,101859821.682501,66751,945.406768,47136359.1462816,"BTCUSDT"
2021-05-14 20:00:00,49912.26,50188.67,49730.98,49841.45,2306.703565,2021-05-14 20:59:59,115238535.768221,60295,979.721739,48948124.471837,"BTCUSDT"
2021-05-14 21:00:00,49844.16,50320.24,49269.78,49444.7,3240.054837,2021-05-14 21:59:59,161052312.465782,100780,1525.684876,75833730.3782576,"BTCUSDT"
2021-05-14 22:00:00,49444.7,50700,49350.5,50619.19,2899.095904,2021-05-14 22:59:59,145524662.032111,79355,1524.149078,76518568.1718154,"BTCUSDT"
2021-05-14 23:00:00,50619.18,50650.73,50020,50084.84,2143.714977,2021-05-14 23:59:59,107930676.991076,63742,1039.421762,52335114.0996983,"BTCUSDT"
2021-05-15 00:00:00,50084.83,50084.83,49601,49627.01,2247.57774,2021-05-15 00:59:59,112008453.094251,64393,1092.311593,54428768.4597333,"BTCUSDT"
2021-05-15 01:00:00,49627.02,49861.2,49150.92,49322.03,2921.961104,2021-05-15 01:59:59,144844769.429491,77099,1346.576871,66745626.6829146,"BTCUSDT"
2021-05-15 02:00:00,49322.03,49720.37,49086.75,49666.46,2777.408064,2021-05-15 02:59:59,137281382.203575,81539,1286.618024,63586855.9567536,"BTCUSDT"
2021-05-15 03:00:00,49668.92,49700,48628.72,48971.99,4475.983439,2021-05-15 03:59:59,220003402.961493,111629,2086.353568,102589238.678595,"BTCUSDT"
2021-05-15 04:00:00,48972,49058.89,48400,48469.28,4586.850315,2021-05-15 04:59:59,223648474.25795,107270,2124.445936,103599629.562902,"BTCUSDT"
2021-05-15 05:00:00,48469.71,49072.49,48203.91,48826.08,3843.623578,2021-05-15 05:59:59,186760891.24371,101693,1816.579852,88284767.0066138,"BTCUSDT"
2021-05-15 06:00:00,48826.06,49298.59,48350,48640.87,3775.306039,2021-05-15 06:59:59,184124060.27749,95473,1805.936063,88059717.3777618,"BTCUSDT"
2021-05-15 07:00:00,48654.24,48654.24,47721.84,48379.9,5492.303194,2021-05-15 07:59:59,264491723.510474,126327,2515.759172,121176466.343098,"BTCUSDT"
2021-05-15 08:00:00,48379.89,49000,48343.42,48929.74,3024.338134,2021-05-15 08:59:59,147188576.460095,71891,1480.817605,72066686.4840134,"BTCUSDT"
2021-05-15 09:00:00,48929.73,49364.8,48636.58,49167.21,3205.170074,2021-05-15 09:59:59,157164463.446356,80006,1582.558663,77609981.4279019,"BTCUSDT"
2021-05-15 10:00:00,49167.22,49340.68,48527.07,48995.02,3241.608758,2021-05-15 10:59:59,159029983.091555,76074,1503.173656,73755826.8590179,"BTCUSDT"
2021-05-15 11:00:00,48995.02,49697.63,48832,49389.58,5237.189381,2021-05-15 11:59:59,257950577.317189,113886,2527.076134,124438755.205599,"BTCUSDT"
2021-05-15 12:00:00,49389.58,49585.49,48834.82,48982.99,3230.316773,2021-05-15 12:59:59,158925705.077413,86417,1428.274971,70241939.9476738,"BTCUSDT"
2021-05-15 13:00:00,48983,48994.27,47534,47876.71,6712.553644,2021-05-15 13:59:59,322666496.755356,155857,3205.857253,154074076.52625,"BTCUSDT"
2021-05-15 14:00:00,47875.46,48234.16,47399.3,47801.08,4910.971781,2021-05-15 14:59:59,234686773.433109,111238,2293.772638,109643442.467232,"BTCUSDT"
2021-05-15 15:00:00,47801.07,48200,47447.36,47890.07,3156.243609,2021-05-15 15:59:59,151100555.725607,78539,1490.093021,71337677.3963,"BTCUSDT"
2021-05-15 16:00:00,47890.72,48108.61,46900,48108.4,5499.314898,2021-05-15 16:59:59,260847281.813345,133470,2560.28103,121515059.163556,"BTCUSDT"
2021-05-15 17:00:00,48108.4,48655,48037.25,48219.31,3115.476595,2021-05-15 17:59:59,150580054.498767,83913,1556.625396,75233175.6729943,"BTCUSDT"
2021-05-15 18:00:00,48219.41,48738.75,48209.01,48419.76,1775.332841,2021-05-15 18:59:59,85996600.7364469,71365,863.127053,41812534.4845748,"BTCUSDT"
2021-05-15 19:00:00,48419.74,48688.83,47733,47964.69,2919.023845,2021-05-15 19:59:59,140828211.428359,80840,1335.126612,64396537.2926409,"BTCUSDT"
2021-05-15 20:00:00,47971.98,48049.93,46555,46762.99,5006.029835,2021-05-15 20:59:59,236139758.266356,133995,2267.297636,107018669.215125,"BTCUSDT"
2021-05-15 21:00:00,46762.99,47698,46467,47283.43,5439.308207,2021-05-15 21:59:59,256947912.168605,125250,2483.910582,117380865.448783,"BTCUSDT"
2021-05-15 22:00:00,47282.38,48215.96,47282.37,48059.99,3005.465226,2021-05-15 22:59:59,143829883.372735,85044,1498.929104,71727289.6223064,"BTCUSDT"
2021-05-15 23:00:00,48059.99,48326.62,47952.56,48150.01,2151.761047,2021-05-15 23:59:59,103498165.899817,59111,1038.269591,49942784.0509623,"BTCUSDT"
2021-05-16 00:00:00,48144.25,48406.44,47747.7,48383.46,2204.566902,2021-05-16 00:59:59,105856132.569298,58816,1074.680638,51603914.7522297,"BTCUSDT"
2021-05-16 01:00:00,48386.62,48951.01,48051.38,48102.77,2272.252438,2021-05-16 01:59:59,110028077.590326,65303,1109.779656,53756724.7147979,"BTCUSDT"
2021-05-16 02:00:00,48102.77,48354.2,48034.82,48165.86,1650.211541,2021-05-16 02:59:59,79543003.6431063,53944,779.645781,37581030.9383271,"BTCUSDT"
2021-05-16 03:00:00,48165.86,49500,48135.39,49047.97,4192.928903,2021-05-16 03:59:59,205784967.262572,94256,2080.669326,102082371.515296,"BTCUSDT"
2021-05-16 04:00:00,49047.97,49400,48825.31,49375.28,2686.640493,2021-05-16 04:59:59,131681355.177965,77080,1314.532213,64443639.7692226,"BTCUSDT"
2021-05-16 05:00:00,49375.28,49437.46,48656,48900.02,2548.287369,2021-05-16 05:59:59,124722726.916192,71072,1115.303074,54579680.7200267,"BTCUSDT"
2021-05-16 06:00:00,48900.02,49500,48896,49264.69,2980.492109,2021-05-16 06:59:59,146679299.800508,75162,1459.794875,71862255.8162081,"BTCUSDT"
2021-05-16 07:00:00,49264.68,49795.89,49221.08,49579.7,2962.993138,2021-05-16 07:59:59,146516333.3251,80650,1314.483621,64996966.3506654,"BTCUSDT"
2021-05-16 08:00:00,49574.98,49640.28,48912.8,49014.99,2464.233967,2021-05-16 08:59:59,121437654.421003,68509,1085.562646,53499551.2479223,"BTCUSDT"
2021-05-16 09:00:00,49014.99,49157.89,48550.63,48622.62,2925.555177,2021-05-16 09:59:59,143016378.540815,76390,1323.987107,64730647.8002384,"BTCUSDT"
2021-05-16 10:00:00,48618.14,48999.1,48457.06,48915.73,3053.929148,2021-05-16 10:59:59,148843563.099833,81833,1494.780768,72856008.5119635,"BTCUSDT"
2021-05-16 11:00:00,48915.78,49249.06,48036,48284.32,3836.376897,2021-05-16 11:59:59,186287640.327488,98629,1963.19055,95331787.8484688,"BTCUSDT"
2021-05-16 12:00:00,48284.32,48331.45,47566.01,47727.26,4351.100773,2021-05-16 12:59:59,208712774.016586,102213,2220.165178,106524049.77753,"BTCUSDT"
2021-05-16 13:00:00,47727.26,48097.59,46960,47276.26,6112.076715,2021-05-16 13:59:59,290162172.656845,151400,2985.864785,141764862.820298,"BTCUSDT"
2021-05-16 14:00:00,47276.26,47460,46120,47081.5,8475.470489,2021-05-16 14:59:59,397503893.252015,166006,3869.601521,181587064.99088,"BTCUSDT"
2021-05-16 15:00:00,47080.2,47457.76,45333.34,45380.56,10976.682251,2021-05-16 15:59:59,509186062.013127,202191,4701.371344,218287521.98593,"BTCUSDT"
2021-05-16 16:00:00,45409.99,46239.68,44444.44,45549.26,11255.424001,2021-05-16 16:59:59,510824938.157119,218969,5045.107989,229207880.520869,"BTCUSDT"
2021-05-16 17:00:00,45553.24,45902.19,43825.39,44104.07,11341.714158,2021-05-16 17:59:59,508083166.086961,228165,5286.489776,236984034.232922,"BTCUSDT"
2021-05-16 18:00:00,44103.9,45614.33,43857.42,45195.96,7608.620307,2021-05-16 18:59:59,340577449.14617,196953,3714.192935,166295554.357096,"BTCUSDT"
2021-05-16 19:00:00,45195.29,46320,45163.65,45562.01,5841.013031,2021-05-16 19:59:59,267417674.043325,127254,2862.604852,131056615.550963,"BTCUSDT"
2021-05-16 20:00:00,45562.01,46480,45384.11,46431.5,3932.708488,2021-05-16 20:59:59,180356384.62839,97095,1974.672965,90588292.7641127,"BTCUSDT"
2021-05-16 21:00:00,46426.83,46686,45481.64,45551.72,4098.536169,2021-05-16 21:59:59,188955275.464511,94285,1960.543965,90381087.9021423,"BTCUSDT"
2021-05-16 22:00:00,45551.72,45618.04,44527.22,44870.17,6451.076643,2021-05-16 22:59:59,290578727.581981,127959,3095.681378,139434491.323401,"BTCUSDT"
2021-05-16 23:00:00,44870.16,45234.82,44210.01,44465.81,5723.772684,2021-05-16 23:59:59,255853933.510903,105486,2866.948978,128108986.88829,"BTCUSDT"
2021-05-17 00:00:00,44462.34,44705.23,42777,42915.46,11898.472951,2021-05-17 00:59:59,518776988.999301,227043,5557.755638,242548247.380188,"BTCUSDT"
2021-05-17 01:00:00,42915.46,44300,42196.97,43582.53,13239.783401,2021-05-17 01:59:59,570506419.345419,227928,6015.530733,259572040.916223,"BTCUSDT"
2021-05-17 02:00:00,43582.6,44232.84,42397.28,44150.24,9220.107541,2021-05-17 02:59:59,397210741.446895,176298,4406.213944,189898704.825078,"BTCUSDT"
2021-05-17 03:00:00,44193.78,45400,43853.75,44323.45,11530.826326,2021-05-17 03:59:59,515102067.917443,207627,5462.337524,244107348.992846,"BTCUSDT"
2021-05-17 04:00:00,44323.44,45353.09,44127.63,45149.18,6566.740902,2021-05-17 04:59:59,293636586.194332,128431,3315.021269,148233798.287037,"BTCUSDT"
2021-05-17 05:00:00,45143.28,45528.07,44666.79,45320.64,6758.623435,2021-05-17 05:59:59,305252998.586804,127841,3224.769814,145557995.327519,"BTCUSDT"
2021-05-17 06:00:00,45317.29,45630.34,44900,45408.87,4778.778009,2021-05-17 06:59:59,215813496.766425,90820,2507.864087,113284338.262437,"BTCUSDT"
2021-05-17 07:00:00,45417.21,45507.33,44429.32,44539,5686.042787,2021-05-17 07:59:59,255700269.485132,98071,2864.730427,128815425.825255,"BTCUSDT"
2021-05-17 08:00:00,44539,45800,44291.84,45731.39,6628.063279,2021-05-17 08:59:59,299783585.859509,116772,3458.356849,156403120.405862,"BTCUSDT"
2021-05-17 09:00:00,45733.55,45791.04,44707.53,44919.14,6324.442361,2021-05-17 09:59:59,285964102.671037,107033,3167.526856,143249351.173637,"BTCUSDT"
2021-05-17 10:00:00,44927.6,45227.42,44555,45029.01,4360.539258,2021-05-17 10:59:59,195565400.350038,86085,2174.750038,97524813.6772151,"BTCUSDT"
2021-05-17 11:00:00,45029.01,45128.7,43770.34,44440.98,6218.958669,2021-05-17 11:59:59,275591773.115209,119987,2902.767366,128601917.962015,"BTCUSDT"
2021-05-17 12:00:00,44440.98,44646.54,43156,43362.75,6234.049027,2021-05-17 12:59:59,273101584.404943,132130,3005.152371,131614626.939446,"BTCUSDT"
2021-05-17 13:00:00,43357,43814.3,42510.9,42567.28,8815.513326,2021-05-17 13:59:59,380442842.714359,168335,4557.635125,196780053.008666,"BTCUSDT"
2021-05-17 14:00:00,42566.1,43208.43,42001,42587.21,9215.23866,2021-05-17 14:59:59,392692743.88533,180323,4088.260839,174270711.511318,"BTCUSDT"
2021-05-17 15:00:00,42586.21,43733.89,42300.8,43473.22,7355.61408,2021-05-17 15:59:59,317930324.231919,139921,3769.49266,162944920.28442,"BTCUSDT"
2021-05-17 16:00:00,43471.48,44400,43462.76,44197.73,5496.795973,2021-05-17 16:59:59,242018960.77878,107670,2766.001768,121754297.382663,"BTCUSDT"
2021-05-17 17:00:00,44197.73,44939.2,44038.51,44757.64,4113.219255,2021-05-17 17:59:59,182869069.323869,93146,1961.983588,87226146.4900093,"BTCUSDT"
2021-05-17 18:00:00,44757.63,44814.81,43250.57,43514.55,4150.748617,2021-05-17 18:59:59,182675946.8293,115836,2034.289027,89510511.8489881,"BTCUSDT"
2021-05-17 19:00:00,43514.55,44518.2,42600,42897.07,6424.963323,2021-05-17 19:59:59,278747733.111066,133593,3034.437777,131669595.601712,"BTCUSDT"
2021-05-17 20:00:00,42897.09,43841.88,42500,43538.04,5366.26606,2021-05-17 20:59:59,231983959.359353,104201,2412.09456,104263224.106555,"BTCUSDT"
2021-05-17 21:00:00,43538.02,44631.78,43150.79,44386.26,6210.140676,2021-05-17 21:59:59,274430073.991814,116599,3137.107601,138570063.775809,"BTCUSDT"
2021-05-17 22:00:00,44389.58,45281.34,44303.88,45072.49,6566.090316,2021-05-17 22:59:59,294718581.910705,109291,3425.513448,153739910.501736,"BTCUSDT"
2021-05-17 23:00:00,45079.58,45260.54,44500,45018.55,3747.96364,2021-05-17 23:59:59,168042412.705665,83345,1778.375415,79737774.7746845,"BTCUSDT"
2021-05-18 00:00:00,45018.17,45051.16,44660.02,44779.83,2728.724821,2021-05-18 00:59:59,122353911.313294,60376,1241.777956,55677269.1746963,"BTCUSDT"
2021-05-18 01:00:00,44774.78,45555.17,44738.26,45318.97,4607.615743,2021-05-18 01:59:59,208363426.393217,99543,2210.752891,99965813.1254966,"BTCUSDT"
2021-05-18 02:00:00,45318.98,45509.24,45007.31,45359.99,4003.076024,2021-05-18 02:59:59,181299164.624141,78281,1760.195956,79698062.9108004,"BTCUSDT"
2021-05-18 03:00:00,45355.82,45799.29,44800.4,44898.06,4784.476798,2021-05-18 03:59:59,216968005.930515,97294,2091.281369,94865044.7837254,"BTCUSDT"
2021-05-18 04:00:00,44898.05,45244.64,44837.44,45172.7,3823.261984,2021-05-18 04:59:59,172213477.216782,74912,1609.479949,72480035.9694392,"BTCUSDT"
2021-05-18 05:00:00,45172.69,45420,44826.41,44925.19,3610.934559,2021-05-18 05:59:59,162893077.007077,94197,1651.652557,74509486.3777279,"BTCUSDT"
2021-05-18 06:00:00,44925.19,45133,44607.08,44955.35,3542.845052,2021-05-18 06:59:59,158936710.257901,99940,1745.359003,78283921.0301086,"BTCUSDT"
2021-05-18 07:00:00,44955.35,45480,44731.84,45365.87,2907.382956,2021-05-18 07:59:59,131297325.071972,78762,1421.353686,64195822.7897146,"BTCUSDT"
2021-05-18 08:00:00,45365.87,45662.14,45125.21,45321.02,3041.567041,2021-05-18 08:59:59,138183579.485268,72773,1624.41834,73803621.1957818,"BTCUSDT"
2021-05-18 09:00:00,45318.76,45341.84,43715,43955.47,6203.662829,2021-05-18 09:59:59,276095596.414797,132092,3082.279194,137290120.457153,"BTCUSDT"
2021-05-18 10:00:00,43955.46,44098.4,43210,43691.22,7040.023149,2021-05-18 10:59:59,307606212.159516,130860,3298.329897,144143748.343437,"BTCUSDT"
2021-05-18 11:00:00,43691.39,43692.51,42507,43221.4,8896.14858,2021-05-18 11:59:59,382920221.883665,180928,4111.975697,176961128.192151,"BTCUSDT"
2021-05-18 12:00:00,43221.4,43806.8,42780.53,42969.47,7433.449024,2021-05-18 12:59:59,322009953.473365,166272,3419.513429,148143120.583633,"BTCUSDT"
2021-05-18 13:00:00,42969.46,43700,42594.93,43600.21,8038.149971,2021-05-18 13:59:59,347060015.656575,179283,4017.657947,173407178.537448,"BTCUSDT"
2021-05-18 14:00:00,43601.19,43825.65,43278.37,43324.59,4445.74057,2021-05-18 14:59:59,193501724.86242,120271,1951.832952,84934548.3645049,"BTCUSDT"
2021-05-18 15:00:00,43324.59,43361.88,42371.96,42800.01,6072.594467,2021-05-18 15:59:59,259759114.566285,122291,2735.962172,117067836.219488,"BTCUSDT"
2021-05-18 16:00:00,42800.01,43621,42500,43262.71,4702.169326,2021-05-18 16:59:59,202187536.120318,106106,2300.145305,98936559.4031971,"BTCUSDT"
2021-05-18 17:00:00,43262.7,43522.64,42691.85,43256.56,3754.783948,2021-05-18 17:59:59,162090244.006143,91547,1980.056262,85478813.9480598,"BTCUSDT"
2021-05-18 18:00:00,43254.06,43500,42766.01,42979.69,2614.873206,2021-05-18 18:59:59,112746833.318965,86668,1220.884217,52650356.5102671,"BTCUSDT"
2021-05-18 19:00:00,42980.52,43250.27,42702.5,42817.85,3020.723749,2021-05-18 19:59:59,129914174.563153,76791,1452.212164,62466393.9974746,"BTCUSDT"
2021-05-18 20:00:00,42817.86,43181.81,42250.02,42849.78,5183.462355,2021-05-18 20:59:59,221078909.614349,102743,2434.883003,103842148.249446,"BTCUSDT"
2021-05-18 21:00:00,42849.78,43584.9,42500,42610.25,5053.494032,2021-05-18 21:59:59,217207672.738238,110567,2470.010835,106193227.454474,"BTCUSDT"
2021-05-18 22:00:00,42610.25,42699.44,40500.15,40843.52,13344.376932,2021-05-18 22:59:59,552531128.730717,244852,5561.780925,230178973.697589,"BTCUSDT"
2021-05-18 23:00:00,40843.53,41299.98,40275,40325.01,8604.976409,2021-05-18 23:59:59,351694034.63933,150479,4002.869692,163749884.514871,"BTCUSDT"
2021-05-19 00:00:00,40324.57,41049.99,40125,40591.15,9124.063103,2021-05-19 00:59:59,370711746.318502,153076,4578.076066,186135465.48207,"BTCUSDT"
2021-05-19 01:00:00,40591.99,40846.97,38604.93,39307.66,17716.265974,2021-05-19 01:59:59,700936623.493214,306990,7296.942544,288874598.125325,"BTCUSDT"
2021-05-19 02:00:00,39307.66,39941,38934.69,39200.01,12574.523934,2021-05-19 02:59:59,495838977.12418,235601,5731.883417,226046532.97079,"BTCUSDT"
2021-05-19 03:00:00,39200,39878.33,39102,39378.54,8295.853109,2021-05-19 03:59:59,328101147.155548,160965,3930.530329,155448172.974037,"BTCUSDT"
2021-05-19 04:00:00,39383.29,40575.25,38550,40371.44,10481.124532,2021-05-19 04:59:59,415508158.842342,195408,5285.263802,209699681.084319,"BTCUSDT"
2021-05-19 05:00:00,40354.98,40888,39849.49,40465.04,7231.895896,2021-05-19 05:59:59,291574018.012077,121786,3685.564036,148657437.116705,"BTCUSDT"
2021-05-19 06:00:00,40462.39,40708.97,40028.62,40324.64,5321.022286,2021-05-19 06:59:59,214566485.799774,110054,2708.159861,109215414.671175,"BTCUSDT"
2021-05-19 07:00:00,40324.64,40442.95,38886.01,39432.27,9060.052014,2021-05-19 07:59:59,357584419.93305,180493,4442.128008,175322230.778906,"BTCUSDT"
2021-05-19 08:00:00,39432.42,39664.71,36333,38700,26040.527673,2021-05-19 08:59:59,996784867.130736,412345,10959.952945,420235395.374288,"BTCUSDT"
2021-05-19 09:00:00,38700,39295.51,32488.89,35234.62,30946.526664,2021-05-19 09:59:59,1123955118.56111,557640,13437.44501,491212877.009448,"BTCUSDT"
2021-05-19 10:00:00,35234.62,38000,30000,35863.06,44239.811778,2021-05-19 10:59:59,1514464825.2185,799206,19904.321262,683926485.490868,"BTCUSDT"
2021-05-19 11:00:00,35863.06,37598.82,33993.7,37521.32,24199.620197,2021-05-19 11:59:59,858701434.022722,432597,12767.386208,453653369.80356,"BTCUSDT"
2021-05-19 12:00:00,37501.89,37990,36414.74,37318.52,21654.717827,2021-05-19 12:59:59,804241871.907258,389593,11640.977008,432471548.765979,"BTCUSDT"
2021-05-19 13:00:00,37310.14,40118.81,36111,39580.68,24998.731071,2021-05-19 13:59:59,958481252.31907,374079,12930.309812,495955276.663324,"BTCUSDT"
2021-05-19 14:00:00,39558.79,40442,38866.02,39370.61,16280.308953,2021-05-19 14:59:59,647031928.377809,265315,8007.267942,318373034.185169,"BTCUSDT"
2021-05-19 15:00:00,39366.87,39616.04,37600,37961.02,12160.449338,2021-05-19 15:59:59,466158744.358442,220577,5933.631565,227401018.446283,"BTCUSDT"
2021-05-19 16:00:00,37961.01,39499.94,37711,39342.93,9791.172571,2021-05-19 16:59:59,378677273.274336,190915,4860.587864,187981823.54543,"BTCUSDT"
2021-05-19 17:00:00,39337.45,40200,37962.91,38217.41,10297.233515,2021-05-19 17:59:59,403432674.213262,193987,5268.064273,206724304.811554,"BTCUSDT"
2021-05-19 18:00:00,38222.2,38956.99,37032.96,38771.77,9138.808561,2021-05-19 18:59:59,347224737.536417,178854,3945.411314,150211653.681151,"BTCUSDT"
2021-05-19 19:00:00,38777.05,39800,38014.01,39090.15,7374.808601,2021-05-19 19:59:59,288299570.21434,143479,3614.15387,141380246.850294,"BTCUSDT"
2021-05-19 20:00:00,39070.57,39264.46,36600.01,36690.09,10416.878191,2021-05-19 20:59:59,393986224.950823,202204,5308.62872,200983863.025918,"BTCUSDT"
2021-05-19 21:00:00,36671.23,38180,34850,35817.31,18051.56914,2021-05-19 21:59:59,656901733.234655,320662,8627.467326,314129403.327644,"BTCUSDT"
2021-05-19 22:00:00,35825.8,37500,35519.99,36973.51,14885.312304,2021-05-19 22:59:59,545771871.606216,257881,7158.269443,262403444.478979,"BTCUSDT"
2021-05-19 23:00:00,36971.95,38300,36834.83,38051.34,8464.281508,2021-05-19 23:59:59,320029893.728832,167335,4329.331099,163738444.355303,"BTCUSDT"
2021-05-20 00:00:00,38051.35,38599,37838.2,38341.04,7146.536065,2021-05-20 00:59:59,272713561.591426,160660,3627.995349,138445915.180103,"BTCUSDT"
2021-05-20 01:00:00,38340.01,39780,38202.11,39425.54,8595.241684,2021-05-20 01:59:59,338106769.765612,180647,4556.247336,179198580.140765,"BTCUSDT"
2021-05-20 02:00:00,39425.53,39970,39130,39938.91,7152.524405,2021-05-20 02:59:59,283535563.366916,143776,3708.897013,147042418.4198,"BTCUSDT"
2021-05-20 03:00:00,39936.75,40202.12,39199.99,39684.4,7701.167306,2021-05-20 03:59:59,305992926.990665,181420,3956.87986,157285912.410258,"BTCUSDT"
2021-05-20 04:00:00,39681.67,40780.87,39650,39959.68,8751.094389,2021-05-20 04:59:59,352447232.408908,193346,4363.162418,175747657.423982,"BTCUSDT"
2021-05-20 05:00:00,39959.67,40250.01,39326.01,39826.97,5930.813428,2021-05-20 05:59:59,235517316.985984,151409,2884.146038,114518387.401255,"BTCUSDT"
2021-05-20 06:00:00,39826.97,40200,38700,39931.2,7643.569146,2021-05-20 06:59:59,301816562.139674,134456,3804.532245,150299358.266957,"BTCUSDT"
2021-05-20 07:00:00,39932.06,40479.79,39493.2,40399.99,8945.290938,2021-05-20 07:59:59,357527359.484232,157890,4359.964097,174285135.457288,"BTCUSDT"
2021-05-20 08:00:00,40399.99,40690.56,39701,40475.17,7448.043731,2021-05-20 08:59:59,299574376.489595,142039,3412.302873,137288077.654855,"BTCUSDT"
2021-05-20 09:00:00,40476.68,41975,40086.09,41699.99,12123.205654,2021-05-20 09:59:59,501811327.115752,234860,6208.958529,256964949.765786,"BTCUSDT"
2021-05-20 10:00:00,41699.99,42451.67,41351.13,41713.33,10904.793573,2021-05-20 10:59:59,457114594.25199,237078,5602.333015,234886350.933254,"BTCUSDT"
2021-05-20 11:00:00,41721.02,42200,41223.42,41439.32,8729.815606,2021-05-20 11:59:59,364029177.336531,164654,4555.821266,189995776.418751,"BTCUSDT"
2021-05-20 12:00:00,41436.5,41999,40891.91,41432.88,6269.398347,2021-05-20 12:59:59,260651927.768817,143803,3012.935638,125299012.093159,"BTCUSDT"
2021-05-20 13:00:00,41432.88,41450,38110,39311.8,19028.564893,2021-05-20 13:59:59,752470655.173097,335066,8639.945354,341725458.987064,"BTCUSDT"
2021-05-20 14:00:00,39311.8,40249,38720,39785.36,7636.994685,2021-05-20 14:59:59,301348964.243581,166401,3698.905426,146036315.04331,"BTCUSDT"
2021-05-20 15:00:00,39784.97,40018.62,39220,39811.84,4978.062138,2021-05-20 15:59:59,197426013.910679,109243,2394.514889,95005023.9693123,"BTCUSDT"
2021-05-20 16:00:00,39808.32,40448.23,39532.82,40116.04,4563.597908,2021-05-20 16:59:59,182616032.400721,127914,2273.645572,91007725.0650828,"BTCUSDT"
2021-05-20 17:00:00,40116.04,40635,39638.27,39992.87,4115.183527,2021-05-20 17:59:59,165472490.414268,140772,1965.28458,79008830.324787,"BTCUSDT"
2021-05-20 18:00:00,39992.88,40829.61,39698.43,40688.48,2713.915902,2021-05-20 18:59:59,109676750.643921,108789,1336.544158,54014253.6177936,"BTCUSDT"
2021-05-20 19:00:00,40686.18,41900,39383.52,41451.73,6423.191365,2021-05-20 19:59:59,260438184.152814,154027,3542.51624,143515205.12376,"BTCUSDT"
2021-05-20 20:00:00,41452.56,41727.27,40247.48,40526.64,4815.429281,2021-05-20 20:59:59,196905781.971336,155770,2146.526649,87804277.3732444,"BTCUSDT"
2021-05-20 21:00:00,40525.39,42200,40470.23,41725.59,6509.397921,2021-05-20 21:59:59,269291869.324168,171215,3436.123656,142228123.540997,"BTCUSDT"
2021-05-20 22:00:00,41725.59,41821.63,41248.12,41429.68,3435.134195,2021-05-20 22:59:59,142890174.458182,109538,1526.105207,63477988.8563695,"BTCUSDT"
2021-05-20 23:00:00,41427.61,41623.86,41039.38,41248.33,3209.984459,2021-05-20 23:59:59,132515885.015936,74191,1460.717037,60299515.0688395,"BTCUSDT"
2021-05-21 00:00:00,41247.42,41266.07,40408.84,40666.91,3734.225381,2021-05-21 00:59:59,152410310.281834,116516,1747.939762,71356955.5792674,"BTCUSDT"
2021-05-21 01:00:00,40662,40715.11,39672.01,39943.65,5317.76468,2021-05-21 01:59:59,213574191.286547,123302,2526.045859,101438703.558375,"BTCUSDT"
2021-05-21 02:00:00,39943.66,40296.68,39587.06,39846.48,3714.020245,2021-05-21 02:59:59,148378008.077484,86048,1681.253103,67169902.3875064,"BTCUSDT"
2021-05-21 03:00:00,39846.48,40800,39222,40564.85,5987.785551,2021-05-21 03:59:59,238116764.81955,117178,2851.92677,113378229.937229,"BTCUSDT"
2021-05-21 04:00:00,40566.03,40650,39482.5,39842.57,4149.502118,2021-05-21 04:59:59,165296139.062838,100484,1782.640413,71019067.7400673,"BTCUSDT"
2021-05-21 05:00:00,39842.58,40363.27,39277,40024.22,6230.216204,2021-05-21 05:59:59,248235070.850211,126900,2714.364198,108199674.277849,"BTCUSDT"
2021-05-21 06:00:00,40021.32,41194.18,40019.76,40876.67,5865.003849,2021-05-21 06:59:59,238171441.962483,124586,2660.701875,108056090.349286,"BTCUSDT"
2021-05-21 07:00:00,40876.68,41199.99,40575.64,40738.21,4982.973,2021-05-21 07:59:59,203737395.666796,97165,2193.586198,89722523.929876,"BTCUSDT"
2021-05-21 08:00:00,40738.21,41230.67,40237.42,41124.29,4499.837691,2021-05-21 08:59:59,182600891.13651,91213,2335.085849,94779351.0692903,"BTCUSDT"
2021-05-21 09:00:00,41124.3,41577,40470.07,40508,5801.891791,2021-05-21 09:59:59,237974697.111255,116417,2786.793069,114393925.487347,"BTCUSDT"
2021-05-21 10:00:00,40508.01,41299.86,40269,41112.03,3608.924532,2021-05-21 10:59:59,147670655.453891,82703,1764.494658,72186885.4760898,"BTCUSDT"
2021-05-21 11:00:00,41112.03,41789.4,36600,37837.27,32595.276331,2021-05-21 11:59:59,1250882884.04095,571162,14643.381179,562909213.583049,"BTCUSDT"
2021-05-21 12:00:00,37835.04,38300,36444.44,36794.57,18927.498405,2021-05-21 12:59:59,709607192.749993,314370,9136.86557,342657233.131899,"BTCUSDT"
2021-05-21 13:00:00,36803.28,37825.75,36100,37033.57,14854.153551,2021-05-21 13:59:59,550012202.500238,280713,6966.004322,258005054.40217,"BTCUSDT"
2021-05-21 14:00:00,37031.7,37384.49,36619.34,37341.74,8400.56227,2021-05-21 14:59:59,311034909.081451,140909,4173.115075,154576599.257238,"BTCUSDT"
2021-05-21 15:00:00,37341.8,37391.15,36346.8,37159.65,6770.644808,2021-05-21 15:59:59,249743884.660685,122464,3237.426853,119377388.464425,"BTCUSDT"
2021-05-21 16:00:00,37159.65,37169.87,35501.01,36062.12,11153.109966,2021-05-21 16:59:59,402964563.950779,190869,4887.535964,176647982.689385,"BTCUSDT"
2021-05-21 17:00:00,36062.13,36332.82,35150,35195.24,9165.465787,2021-05-21 17:59:59,327179350.758568,193835,4311.47126,153943639.064244,"BTCUSDT"
2021-05-21 18:00:00,35212.52,36691,33488,36588.77,18870.033763,2021-05-21 18:59:59,664727325.97173,342655,8298.572817,292883952.796415,"BTCUSDT"
2021-05-21 19:00:00,36592.48,37337.41,36000,36663.99,8385.285503,2021-05-21 19:59:59,306559033.177285,174202,3919.877536,143334642.896996,"BTCUSDT"
2021-05-21 20:00:00,36664,37447,36300,37252.01,5932.196257,2021-05-21 20:59:59,219771768.874759,124701,2960.403179,109706743.24344,"BTCUSDT"
2021-05-21 21:00:00,37263.35,37741.92,36877,37654.31,5150.910109,2021-05-21 21:59:59,192036871.88907,128610,2596.241013,96826548.8977957,"BTCUSDT"
2021-05-21 22:00:00,37652.42,37987.63,37200,37620.76,4908.65525,2021-05-21 22:59:59,184903880.500259,83910,2491.838071,93889131.3912417,"BTCUSDT"
2021-05-21 23:00:00,37620.75,38100,37139.91,37382.96,5044.531754,2021-05-21 23:59:59,189873491.727679,93208,2483.731421,93491975.4809808,"BTCUSDT"
2021-05-22 00:00:00,37382.97,37716.14,36517.03,36951.85,8142.79395,2021-05-22 00:59:59,301066254.558328,132011,4393.889492,162447536.137577,"BTCUSDT"
2021-05-22 01:00:00,36947.31,37219.45,35875.11,36304.18,7326.519005,2021-05-22 01:59:59,267565326.748274,135099,3430.077316,125235500.422524,"BTCUSDT"
2021-05-22 02:00:00,36304.19,36713.09,35200.62,36376.25,7511.587748,2021-05-22 02:59:59,269966548.021949,160741,3739.61814,134431712.8032,"BTCUSDT"
2021-05-22 03:00:00,36376.26,36510.23,35500,36412.47,5196.141282,2021-05-22 03:59:59,187152487.998171,113491,2637.562406,94990258.0472422,"BTCUSDT"
2021-05-22 04:00:00,36412.47,36496.13,35596.1,36269.28,5621.43452,2021-05-22 04:59:59,202860113.944697,107903,2989.910169,107923662.559772,"BTCUSDT"
2021-05-22 05:00:00,36266.36,37120.19,36258.96,36805.61,5836.598437,2021-05-22 05:59:59,214263890.687088,111523,2711.449586,99550553.2884209,"BTCUSDT"
2021-05-22 06:00:00,36805.61,37452.61,36490.97,37173.8,4695.674568,2021-05-22 06:59:59,173903668.219223,113201,2235.153123,82790693.4802329,"BTCUSDT"
2021-05-22 07:00:00,37174.99,38827.52,36835,38337.98,9274.763667,2021-05-22 07:59:59,350992503.79447,177330,5221.751863,197734295.754902,"BTCUSDT"
2021-05-22 08:00:00,38337.98,38500,37555,38157.76,4802.465858,2021-05-22 08:59:59,183042239.988976,104305,2267.171786,86447409.955407,"BTCUSDT"
2021-05-22 09:00:00,38157.75,38729.19,37725.74,38151.81,5202.741208,2021-05-22 09:59:59,199329515.810522,145622,2463.702792,94402081.8435989,"BTCUSDT"
2021-05-22 10:00:00,38151.8,38829,37965.36,38310.57,5022.742016,2021-05-22 10:59:59,193106737.985855,100156,2504.682359,96322536.9628571,"BTCUSDT"
2021-05-22 11:00:00,38310.57,38538.18,37383.59,37808.48,6099.168286,2021-05-22 11:59:59,231202840.069561,136342,2918.527482,110640840.716216,"BTCUSDT"
2021-05-22 12:00:00,37808.49,38721.75,37000,38162.4,6724.446517,2021-05-22 12:59:59,254162630.11416,148655,3460.891374,130820803.150221,"BTCUSDT"
2021-05-22 13:00:00,38161.92,38491.52,37563.49,38147.74,5000.276738,2021-05-22 13:59:59,190456728.055259,109554,2347.603709,89442633.4600231,"BTCUSDT"
2021-05-22 14:00:00,38154.08,38600,37788.88,37968.1,4104.216574,2021-05-22 14:59:59,156613161.641221,127174,2077.171918,79295609.6459163,"BTCUSDT"
2021-05-22 15:00:00,37972.55,38121.04,37300,37646.26,4313.064888,2021-05-22 15:59:59,162528624.606485,88381,2085.947435,78608253.4092859,"BTCUSDT"
2021-05-22 16:00:00,37647.3,37988,37158.14,37286.65,3492.457171,2021-05-22 16:59:59,131459106.873727,83043,1625.684489,61186181.8541224,"BTCUSDT"
2021-05-22 17:00:00,37286.65,38196.54,37268.76,38022.81,3080.640915,2021-05-22 17:59:59,116526033.355408,77233,1514.95707,57293489.8430449,"BTCUSDT"
2021-05-22 18:00:00,38022.81,38362.33,37826.07,38153.77,3136.553646,2021-05-22 18:59:59,119303179.560364,72510,1776.796039,67580457.1578971,"BTCUSDT"
2021-05-22 19:00:00,38153.91,38400,37338.18,37622.38,4123.746503,2021-05-22 19:59:59,155459148.268117,95548,1987.476223,74953564.1709825,"BTCUSDT"
2021-05-22 20:00:00,37621.62,37850,37377.5,37449.73,2730.113079,2021-05-22 20:59:59,102792663.255538,71141,1348.616736,50775770.0965967,"BTCUSDT"
2021-05-22 21:00:00,37458.51,38270.64,36668.99,38191,6779.163363,2021-05-22 21:59:59,253656844.467951,130421,3438.054392,128710417.833923,"BTCUSDT"
2021-05-22 22:00:00,38191.34,38222.96,37871.84,37907.92,2539.143696,2021-05-22 22:59:59,96668700.4820138,55997,1250.903944,47623607.4235361,"BTCUSDT"
2021-05-22 23:00:00,37907.91,38018.93,37370.01,37470.16,2901.293075,2021-05-22 23:59:59,109207716.809059,58637,1321.577066,49746969.0310719,"BTCUSDT"
2021-05-23 00:00:00,37470.54,37663.64,37234.4,37421.59,2634.762619,2021-05-23 00:59:59,98694700.7292846,54066,1209.64712,45307119.5346335,"BTCUSDT"
2021-05-23 01:00:00,37421.59,37421.59,37050.66,37198.73,2786.744936,2021-05-23 01:59:59,103763416.568237,59020,1353.74256,50399273.8906234,"BTCUSDT"
2021-05-23 02:00:00,37198.73,37198.73,36572.41,36883.04,4425.936947,2021-05-23 02:59:59,163235104.176015,105859,2056.835681,75875221.3923916,"BTCUSDT"
2021-05-23 03:00:00,36879.99,37323.23,36318,36650.38,5365.172619,2021-05-23 03:59:59,196634070.85617,131058,2670.420308,97882401.539572,"BTCUSDT"
2021-05-23 04:00:00,36650.37,36860.74,35530,35927.69,7315.492727,2021-05-23 04:59:59,264390431.603768,174565,3497.609547,126456405.1239,"BTCUSDT"
2021-05-23 05:00:00,35927.7,35930.89,33800.59,34376,18304.80377,2021-05-23 05:59:59,639511583.045197,295754,8671.177514,303177022.272182,"BTCUSDT"
2021-05-23 06:00:00,34376,35300,33925.18,34202.58,13905.215271,2021-05-23 06:59:59,480445609.026461,248349,6930.347913,239521765.803858,"BTCUSDT"
2021-05-23 07:00:00,34207.02,35822.21,34118.72,35004.81,9389.783513,2021-05-23 07:59:59,329386894.277726,179166,4687.146563,164410728.541406,"BTCUSDT"
2021-05-23 08:00:00,35004.82,35800,34600,35389.1,6744.387033,2021-05-23 08:59:59,238169414.137687,129096,3263.463404,115246148.394077,"BTCUSDT"
2021-05-23 09:00:00,35386.8,35800,33118.93,33944.77,17222.705813,2021-05-23 09:59:59,592868589.132903,297192,7952.349708,273951239.305061,"BTCUSDT"
2021-05-23 10:00:00,33944.76,34169.76,32600,33642.07,17683.020616,2021-05-23 10:59:59,589502627.6223,333703,8450.0448,281884887.27522,"BTCUSDT"
2021-05-23 11:00:00,33647.25,34583.39,33000,33891.91,11148.123724,2021-05-23 11:59:59,376212234.842675,184924,5433.658454,183493675.225017,"BTCUSDT"
2021-05-23 12:00:00,33891.91,34015.9,33000,33318.09,7766.488666,2021-05-23 12:59:59,259993343.810186,149930,4124.050119,138029761.55388,"BTCUSDT"
2021-05-23 13:00:00,33316.42,33700,31111.01,32237,27065.214835,2021-05-23 13:59:59,867393397.170346,410222,12044.382794,386379413.781367,"BTCUSDT"
2021-05-23 14:00:00,32237,33900,32110.39,32715.82,14018.137428,2021-05-23 14:59:59,463648115.524129,223803,7152.433888,236466006.34754,"BTCUSDT"
2021-05-23 15:00:00,32716,33469.14,31777.89,32529.81,10787.142597,2021-05-23 15:59:59,350535883.371567,170456,5146.486866,167487343.409865,"BTCUSDT"
2021-05-23 16:00:00,32539.08,33449,32203.87,33051.73,7063.170002,2021-05-23 16:59:59,232111471.959262,129778,3625.354471,119208762.317168,"BTCUSDT"
2021-05-23 17:00:00,33047.33,33973.98,33045.31,33630.03,6601.071702,2021-05-23 17:59:59,221720641.687633,145346,3090.057637,103775943.949182,"BTCUSDT"
2021-05-23 18:00:00,33627.39,34480,33591.8,34007.56,5442.833543,2021-05-23 18:59:59,185237221.061566,145965,2699.325254,91885934.3902076,"BTCUSDT"
2021-05-23 19:00:00,34007.57,34888,33555,33832.77,4830.916672,2021-05-23 19:59:59,165634678.453375,151089,2448.050635,83964231.264633,"BTCUSDT"
2021-05-23 20:00:00,33825.84,35000,33823.23,34655.25,4415.321426,2021-05-23 20:59:59,152619772.388332,117608,2120.538771,73375040.146067,"BTCUSDT"
2021-05-23 21:00:00,34681.44,35726.34,34664.77,35191.4,7270.153693,2021-05-23 21:59:59,256829069.575593,147618,3714.554483,131201889.2965,"BTCUSDT"
2021-05-23 22:00:00,35191.39,35554,34675.01,35089.33,5123.562399,2021-05-23 22:59:59,179937146.679703,120224,2374.530568,83399884.219886,"BTCUSDT"
2021-05-23 23:00:00,35089.33,35456.61,34800,35267.68,5121.827207,2021-05-23 23:59:59,179974540.803765,94748,2427.659918,85332878.8496717,"BTCUSDT"
2021-05-24 00:00:00,35271.21,35889,35114.01,35251.37,4913.189924,2021-05-24 00:59:59,174595877.988447,124878,2438.187998,86661625.2264543,"BTCUSDT"
2021-05-24 01:00:00,35250.56,35423.36,34031,34881.09,5630.17807,2021-05-24 01:59:59,196193251.381007,133400,2645.395951,92200444.8320418,"BTCUSDT"
2021-05-24 02:00:00,34886.16,35489.88,34687.99,35292.6,3905.438519,2021-05-24 02:59:59,137212256.890903,88658,1968.671941,69183335.1462019,"BTCUSDT"
2021-05-24 03:00:00,35292.59,36222,35010.7,36089.71,5731.491273,2021-05-24 03:59:59,203650917.2566,123854,2908.23377,103382829.627207,"BTCUSDT"
2021-05-24 04:00:00,36089.7,36887,35908.02,36645.79,10323.254135,2021-05-24 04:59:59,376728347.023949,181001,4957.215733,180929073.074535,"BTCUSDT"
2021-05-24 05:00:00,36645.79,36850,36100,36619.99,7658.403479,2021-05-24 05:59:59,279700863.68559,157651,3680.147507,134425072.250128,"BTCUSDT"
2021-05-24 06:00:00,36620,36620,36175.84,36202,5093.152736,2021-05-24 06:59:59,185294286.618928,101108,2349.021472,85467465.5483535,"BTCUSDT"
2021-05-24 07:00:00,36204.12,36684.99,35877.52,36399.18,7734.469164,2021-05-24 07:59:59,280432789.665289,160606,3862.642628,140134024.033782,"BTCUSDT"
2021-05-24 08:00:00,36399.18,37922.18,36387.92,37600.01,11649.09829,2021-05-24 08:59:59,435104768.711028,193610,5633.563912,210197860.623082,"BTCUSDT"
2021-05-24 09:00:00,37600.01,38637.7,37371.03,38211.21,10478.877027,2021-05-24 09:59:59,399327461.519005,209934,5652.044388,215415574.54037,"BTCUSDT"
2021-05-24 10:00:00,38211.21,38413,37377,37571.6,9474.330251,2021-05-24 10:59:59,358809919.525725,180302,5038.759905,190825850.0607,"BTCUSDT"
2021-05-24 11:00:00,37578.59,38069.01,37320.39,37680.98,6360.547637,2021-05-24 11:59:59,239457597.733172,129564,3297.52026,124169069.501622,"BTCUSDT"
2021-05-24 12:00:00,37672.27,38200,37266.58,37539.63,6329.908299,2021-05-24 12:59:59,238789246.215805,150082,3284.565032,123918650.424681,"BTCUSDT"
2021-05-24 13:00:00,37539.64,37975,36818.55,37357.22,8111.457178,2021-05-24 13:59:59,302480511.077717,199962,4283.35241,159733048.478755,"BTCUSDT"
2021-05-24 14:00:00,37357.22,37879,37186.5,37669.77,4572.75249,2021-05-24 14:59:59,171593901.920654,99231,2083.094685,78190933.3427635,"BTCUSDT"
2021-05-24 15:00:00,37667.88,38350,37397.56,37911.79,5257.493025,2021-05-24 15:59:59,199153943.916247,123705,2464.661075,93399694.8015714,"BTCUSDT"
2021-05-24 16:00:00,37911.73,39787.96,37729.7,39606.1,10517.792354,2021-05-24 16:59:59,408708639.127983,233943,5935.210454,230672962.409827,"BTCUSDT"
2021-05-24 17:00:00,39606.11,39920,38717,38951,9066.996133,2021-05-24 17:59:59,355912949.126995,199689,5080.668071,199391785.695869,"BTCUSDT"
2021-05-24 18:00:00,38951,39300.31,38308.52,38449.79,4563.536167,2021-05-24 18:59:59,177481486.718122,132201,2240.468368,87162468.418799,"BTCUSDT"
2021-05-24 19:00:00,38467.42,38870,37955.42,38429.4,3758.641858,2021-05-24 19:59:59,144361546.064057,117706,1794.707425,68954699.1768733,"BTCUSDT"
2021-05-24 20:00:00,38433.06,38984.15,38218.39,38796.29,2984.342663,2021-05-24 20:59:59,115041712.925059,106903,1469.94736,56680978.9392063,"BTCUSDT"
2021-05-24 21:00:00,38810.99,39791.77,38502.73,39387.52,7313.987303,2021-05-24 21:59:59,287015032.032367,181251,3668.867375,143974280.614227,"BTCUSDT"
2021-05-24 22:00:00,39387.51,39550,38650,38808.3,5031.44182,2021-05-24 22:59:59,196553070.563305,127311,2444.394756,95497619.0421071,"BTCUSDT"
2021-05-24 23:00:00,38806.36,38925.32,38018,38083.69,4217.743251,2021-05-24 23:59:59,162003769.029253,111742,2005.37071,77033991.6039267,"BTCUSDT"
2021-05-25 00:00:00,38083.69,38415,37800.5,38304.51,5131.630501,2021-05-25 00:59:59,195647441.641973,148274,2518.591736,96027896.8047404,"BTCUSDT"
2021-05-25 01:00:00,38306.43,38718,37608,38368.11,4954.604433,2021-05-25 01:59:59,189032893.733118,98210,2489.846306,95043366.9693358,"BTCUSDT"
2021-05-25 02:00:00,38366.1,38444.05,37863.63,38356.5,3459.892233,2021-05-25 02:59:59,132080759.988448,71744,1680.104491,64147411.9101973,"BTCUSDT"
2021-05-25 03:00:00,38354.92,39200,38113.97,38874.3,4412.334474,2021-05-25 03:59:59,170449875.375137,96775,2179.396911,84225425.1447574,"BTCUSDT"
2021-05-25 04:00:00,38878.04,39181.07,38568.87,38985.06,3504.768936,2021-05-25 04:59:59,136260670.224979,79043,1731.147929,67305268.423195,"BTCUSDT"
2021-05-25 05:00:00,38993.91,39110,38026.54,38138.06,4463.414439,2021-05-25 05:59:59,171653476.52661,96309,2133.127086,82036934.5022918,"BTCUSDT"
2021-05-25 06:00:00,38138.07,38259.91,37751.15,37932.87,4202.63086,2021-05-25 06:59:59,159713714.330772,84199,2071.742887,78730877.2726673,"BTCUSDT"
2021-05-25 07:00:00,37932.86,37937.15,36660,37103.24,8823.054266,2021-05-25 07:59:59,328174302.128491,185355,4293.798731,159768492.007074,"BTCUSDT"
2021-05-25 08:00:00,37103.25,37461.49,36486,36537.16,5917.202216,2021-05-25 08:59:59,218781549.164581,119982,2710.520968,100245351.478204,"BTCUSDT"
2021-05-25 09:00:00,36537.17,37220,36419.62,37119.86,5401.605163,2021-05-25 09:59:59,199205471.874769,104513,2674.113996,98621983.9826633,"BTCUSDT"
2021-05-25 10:00:00,37119.86,37978.23,36915,37462.33,7069.263119,2021-05-25 10:59:59,264811068.22702,132048,3310.356729,124036985.027803,"BTCUSDT"
2021-05-25 11:00:00,37462.33,38141.62,37349.99,37634.62,5998.308158,2021-05-25 11:59:59,226865980.695928,117263,2943.163058,111319746.75233,"BTCUSDT"
2021-05-25 12:00:00,37634.62,38481.18,37000,38277.57,8671.076134,2021-05-25 12:59:59,327818021.676463,152855,4018.326411,152015397.851905,"BTCUSDT"
2021-05-25 13:00:00,38277.55,38299.88,37651.51,37796.69,3780.782607,2021-05-25 13:59:59,143345228.713614,85197,1695.640638,64293183.0479721,"BTCUSDT"
2021-05-25 14:00:00,37798.56,38055,37500,37951.98,2689.649061,2021-05-25 14:59:59,101641094.286913,68027,1331.535992,50329159.6136022,"BTCUSDT"
2021-05-25 15:00:00,37951.99,38288,37756.26,37884.91,2717.459642,2021-05-25 15:59:59,103220157.773153,68388,1277.975144,48553334.9386184,"BTCUSDT"
2021-05-25 16:00:00,37884.9,37984.64,37011,37292.69,3464.765379,2021-05-25 16:59:59,130174586.458516,88741,1550.717759,58278406.1176489,"BTCUSDT"
2021-05-25 17:00:00,37292.69,37794.72,37250.01,37598.77,2513.621469,2021-05-25 17:59:59,94457166.0235493,62137,1277.212599,47989382.4288761,"BTCUSDT"
2021-05-25 18:00:00,37603.8,38110,37420.4,37937.79,2369.798232,2021-05-25 18:59:59,89409482.7433477,69367,1315.688446,49648788.4582425,"BTCUSDT"
2021-05-25 19:00:00,37937.81,38753.98,37906.77,38405,3692.719609,2021-05-25 19:59:59,141277250.165675,98646,1844.563626,70575023.1532592,"BTCUSDT"
2021-05-25 20:00:00,38402.99,38467.22,37946.55,38324.72,2194.475099,2021-05-25 20:59:59,83927516.0007454,60933,987.33253,37765302.8052673,"BTCUSDT"
2021-05-25 21:00:00,38324.72,38600,37800.44,38099.53,3715.166099,2021-05-25 21:59:59,141746509.390339,86460,1698.204727,64777542.4643102,"BTCUSDT"
2021-05-25 22:00:00,38099.52,38888,38074.72,38658.22,3359.477087,2021-05-25 22:59:59,129409884.631089,91760,1691.423386,65152542.3379146,"BTCUSDT"
2021-05-25 23:00:00,38660.17,39573.25,38641.54,39212.14,6381.349602,2021-05-25 23:59:59,249964412.150359,149258,2976.695053,116622607.772111,"BTCUSDT"
2021-05-26 00:00:00,39212.14,39693.66,39094.11,39503.98,3425.442502,2021-05-26 00:59:59,134768133.84275,82685,1685.186932,66322783.2080323,"BTCUSDT"
2021-05-26 01:00:00,39503.98,39606.67,39000,39387.86,3107.351158,2021-05-26 01:59:59,121947164.688302,73641,1455.885201,57147042.6174805,"BTCUSDT"
2021-05-26 02:00:00,39387.86,39524.75,39152,39229.28,3115.325611,2021-05-26 02:59:59,122546660.665431,81350,1514.501113,59573048.7571971,"BTCUSDT"
2021-05-26 03:00:00,39229.28,40755,39157.48,40549.99,8224.625409,2021-05-26 03:59:59,330800678.773841,181928,4412.272327,177422495.701822,"BTCUSDT"
2021-05-26 04:00:00,40549.99,40604.49,40261.07,40445.79,3829.989932,2021-05-26 04:59:59,154758323.15906,90019,1884.40539,76146313.231647,"BTCUSDT"
2021-05-26 05:00:00,40445.79,40841,39737.75,40148.49,6455.834267,2021-05-26 05:59:59,259202807.129937,151943,3158.09428,126835603.797902,"BTCUSDT"
2021-05-26 06:00:00,40152.12,40428.9,40066,40150,2700.857814,2021-05-26 06:59:59,108695403.611798,66205,1373.517614,55279485.626914,"BTCUSDT"
2021-05-26 07:00:00,40150,40330,39526,39681.38,5136.733159,2021-05-26 07:59:59,204294319.277536,103087,2380.772508,94673326.1491922,"BTCUSDT"
2021-05-26 08:00:00,39681.38,39899.48,39379.79,39850.65,3143.223425,2021-05-26 08:59:59,124627911.584756,69842,1438.078785,57029316.3841769,"BTCUSDT"
2021-05-26 09:00:00,39850.66,40289.75,39750.01,40119.99,4310.665267,2021-05-26 09:59:59,172753936.039432,87887,2109.884731,84560640.5621766,"BTCUSDT"
2021-05-26 10:00:00,40120,40123.31,38790.23,38831.98,7319.982727,2021-05-26 10:59:59,287655917.043426,183059,3641.364001,143105599.907579,"BTCUSDT"
2021-05-26 11:00:00,38831.98,39339.52,38777.77,39129.22,5318.546814,2021-05-26 11:59:59,207684105.333202,151855,2769.579919,108178384.318368,"BTCUSDT"
2021-05-26 12:00:00,39128.16,39227.42,38440,38758.61,6130.04002,2021-05-26 12:59:59,237471856.7025,115004,2930.566832,113547971.451394,"BTCUSDT"
2021-05-26 13:00:00,38758.62,39350,38505,38552.43,4632.32452,2021-05-26 13:59:59,180248435.529665,109844,2222.285188,86499493.0192209,"BTCUSDT"
2021-05-26 14:00:00,38552.42,39122.3,38008,38965.66,5044.160871,2021-05-26 14:59:59,193815887.740841,103655,2375.306281,91314234.7781308,"BTCUSDT"
2021-05-26 15:00:00,38975.74,38975.74,38335,38626.63,3373.527321,2021-05-26 15:59:59,130465974.420741,76905,1571.439624,60779460.2772873,"BTCUSDT"
2021-05-26 16:00:00,38626.64,38628.19,37900.03,38485.1,4778.257062,2021-05-26 16:59:59,182699869.011144,97742,1916.231212,73273350.4488275,"BTCUSDT"
2021-05-26 17:00:00,38476.74,38823.27,38280.19,38719.48,3025.501809,2021-05-26 17:59:59,116812909.872315,70783,1414.048909,54605990.9658211,"BTCUSDT"
2021-05-26 18:00:00,38720.54,39231.9,38518.09,39030.74,3021.814646,2021-05-26 18:59:59,117298476.829834,77300,1372.377136,53292012.9167081,"BTCUSDT"
2021-05-26 19:00:00,39030.74,39128.18,38742.5,38957.84,2467.278452,2021-05-26 19:59:59,96061722.9260653,60890,1099.868842,42819154.7179765,"BTCUSDT"
2021-05-26 20:00:00,38957.83,39450.69,38639.74,39241.91,2763.297822,2021-05-26 20:59:59,107986204.909189,69217,1393.087003,54464940.1477346,"BTCUSDT"
2021-05-26 21:00:00,39241.92,39243.1,38356.09,38615.78,3410.586002,2021-05-26 21:59:59,132298911.181423,86653,1606.31578,62310986.6990488,"BTCUSDT"
2021-05-26 22:00:00,38613.36,38714.27,37502,37625.31,4904.25457,2021-05-26 22:59:59,186680198.387633,118702,2238.687929,85267672.6148002,"BTCUSDT"
2021-05-26 23:00:00,37624.6,37995.19,37500,37814.93,3627.115021,2021-05-26 23:59:59,136921782.178847,84491,1752.310517,66178786.0232689,"BTCUSDT"
2021-05-27 00:00:00,37813.77,37814.94,37134.27,37621.56,4041.338199,2021-05-27 00:59:59,151273829.254046,92830,2038.170283,76294875.3287522,"BTCUSDT"
2021-05-27 01:00:00,37623.64,37789.85,37204.76,37733.34,2667.827494,2021-05-27 01:59:59,100127744.055083,69356,1334.55411,50096507.8639908,"BTCUSDT"
2021-05-27 02:00:00,37733.34,38177.12,37452.31,38136.54,3428.818387,2021-05-27 02:59:59,129561520.544361,68836,1744.913978,65991063.3655673,"BTCUSDT"
2021-05-27 03:00:00,38138.75,38300,37881.08,38246.67,2863.747324,2021-05-27 03:59:59,109052628.953698,53874,1455.103358,55424258.4655959,"BTCUSDT"
2021-05-27 04:00:00,38246.67,38407.42,38033.7,38275.47,2357.767813,2021-05-27 04:59:59,90158790.6073554,52177,1078.843694,41255622.0712545,"BTCUSDT"
2021-05-27 05:00:00,38275.47,39173.62,37826.08,38824.34,4419.798594,2021-05-27 05:59:59,170723409.579597,96029,2310.248099,89286094.6018187,"BTCUSDT"
2021-05-27 06:00:00,38821.08,39495.69,38800,39277.44,3658.812289,2021-05-27 06:59:59,143116390.286126,80640,1805.229096,70618421.2274615,"BTCUSDT"
2021-05-27 07:00:00,39277.44,39608.72,39065.19,39212.5,3963.522527,2021-05-27 07:59:59,155805336.336498,78746,1903.265435,74832018.5616177,"BTCUSDT"
2021-05-27 08:00:00,39210.48,39888.02,39203.49,39690.01,4170.246366,2021-05-27 08:59:59,165054384.257665,87470,2023.304512,80076583.0577423,"BTCUSDT"
2021-05-27 09:00:00,39690,39945,39256.59,39316.81,4420.560001,2021-05-27 09:59:59,175126213.52989,126263,2120.998143,84035158.0669057,"BTCUSDT"
2021-05-27 10:00:00,39316.81,40411.14,39310.02,39864.02,6214.326668,2021-05-27 10:59:59,248529842.115752,141575,3301.425604,132027764.676058,"BTCUSDT"
2021-05-27 11:00:00,39864.01,40355.57,39800,40024.8,3380.56096,2021-05-27 11:59:59,135613376.14669,97823,1632.770517,65505211.5419444,"BTCUSDT"
2021-05-27 12:00:00,40024.8,40100,39461.85,39667,4385.197322,2021-05-27 12:59:59,174204735.71408,97485,2209.746232,87777873.0170288,"BTCUSDT"
2021-05-27 13:00:00,39666.99,39721.28,38720,38825.44,6400.573744,2021-05-27 13:59:59,250509368.207904,158702,2870.765068,112358187.203101,"BTCUSDT"
2021-05-27 14:00:00,38822.28,39250,38691,39028.99,3226.776011,2021-05-27 14:59:59,125867669.030777,70598,1782.770179,69546133.0661368,"BTCUSDT"
2021-05-27 15:00:00,39029,39222.13,38790.65,39089.57,1872.890459,2021-05-27 15:59:59,73102056.2235696,52413,900.607231,35156343.0227685,"BTCUSDT"
2021-05-27 16:00:00,39094.18,39117.91,38500,38768.35,2602.29963,2021-05-27 16:59:59,100838351.145053,63446,1270.602022,49233203.5343955,"BTCUSDT"
2021-05-27 17:00:00,38768.36,38831.76,38400.15,38445.05,2328.230093,2021-05-27 17:59:59,89887463.8096306,56825,1031.224058,39823203.7288757,"BTCUSDT"
2021-05-27 18:00:00,38444.07,39187.35,38195.19,38978.69,3416.064737,2021-05-27 18:59:59,132040356.394843,121876,1589.74101,61473800.4841424,"BTCUSDT"
2021-05-27 19:00:00,38978.69,39146.39,38382.11,38503.15,2599.01282,2021-05-27 19:59:59,100720455.626159,76150,1205.722135,46731515.7595643,"BTCUSDT"
2021-05-27 20:00:00,38503.16,38755.51,38279.1,38529.98,2186.831763,2021-05-27 20:59:59,84198712.4868632,69222,1048.693811,40380269.5472973,"BTCUSDT"
2021-05-27 21:00:00,38529.99,38877.83,37900,37998.94,4191.985106,2021-05-27 21:59:59,160619244.952421,95998,1741.588208,66784164.5013919,"BTCUSDT"
2021-05-27 22:00:00,37998.94,38237.64,37687.77,38155.11,3182.878178,2021-05-27 22:59:59,120865791.883868,99913,1470.884416,55866172.5122864,"BTCUSDT"
2021-05-27 23:00:00,38150.57,38416.74,38000,38283.4,2115.123722,2021-05-27 23:59:59,80772392.3814051,49875,1106.712281,42265819.3584377,"BTCUSDT"
2021-05-28 00:00:00,38283.06,38284.79,37813.38,38237.18,2497.471891,2021-05-28 00:59:59,95009772.8604618,69353,1115.04848,42416602.9792644,"BTCUSDT"
2021-05-28 01:00:00,38237.1,38237.1,37219.19,37324.65,6011.403704,2021-05-28 01:59:59,225827187.354205,116081,3132.134895,117597482.861104,"BTCUSDT"
2021-05-28 02:00:00,37324.65,37565.17,36686,36996.45,6195.394638,2021-05-28 02:59:59,230120809.016096,133385,2801.048502,104095269.873032,"BTCUSDT"
2021-05-28 03:00:00,36996.45,37193.71,36442,36933.03,6598.333998,2021-05-28 03:59:59,242862100.378817,181204,3215.157661,118399231.12973,"BTCUSDT"
2021-05-28 04:00:00,36933.02,37382.68,36474.57,36975.93,6688.452564,2021-05-28 04:59:59,246738863.374039,106045,3144.95624,115968621.951445,"BTCUSDT"
2021-05-28 05:00:00,36975.65,37250,35600,35968.03,7894.465812,2021-05-28 05:59:59,287909047.200131,144038,3475.779391,126942427.096291,"BTCUSDT"
2021-05-28 06:00:00,35968.04,36241.61,35360,35994.67,9905.946786,2021-05-28 06:59:59,354141970.587776,183384,4515.594215,161494213.780145,"BTCUSDT"
2021-05-28 07:00:00,35995.19,36512.37,35742.01,35925.85,6335.696351,2021-05-28 07:59:59,228363624.280543,103390,2880.047594,103850273.11427,"BTCUSDT"
2021-05-28 08:00:00,35925.85,36179.3,35100,35351.65,6311.286158,2021-05-28 08:59:59,224790840.432461,129041,2946.671936,104987577.310956,"BTCUSDT"
2021-05-28 09:00:00,35351.65,36853.74,35168.24,36589.74,9152.177556,2021-05-28 09:59:59,332240545.329018,157284,4720.657934,171374992.96114,"BTCUSDT"
2021-05-28 10:00:00,36590.24,37279.98,36588.41,36923.61,6338.890859,2021-05-28 10:59:59,234158668.562645,137466,2999.439825,110818348.622276,"BTCUSDT"
2021-05-28 11:00:00,36923.6,37103.37,36500,36588.51,3636.55789,2021-05-28 11:59:59,133806025.356228,76053,1781.767752,65572313.2873183,"BTCUSDT"
2021-05-28 12:00:00,36588.51,37067.77,36395.87,36749.31,3552.884033,2021-05-28 12:59:59,130477276.645316,70425,1715.658732,63017851.8803171,"BTCUSDT"
2021-05-28 13:00:00,36751.59,36845.93,35812.01,35815.56,7919.196589,2021-05-28 13:59:59,287202560.098161,114572,3729.444777,135262744.708902,"BTCUSDT"
2021-05-28 14:00:00,35813.92,36284,35650.22,35976.17,5362.546405,2021-05-28 14:59:59,193182777.102,92044,2650.219716,95494899.2093231,"BTCUSDT"
2021-05-28 15:00:00,35976.17,36369.82,35551.06,36190.92,4369.769969,2021-05-28 15:59:59,157052322.403862,84800,2053.807677,73818778.350337,"BTCUSDT"
2021-05-28 16:00:00,36190.91,36570,35555.52,35789.3,5259.875784,2021-05-28 16:59:59,189112516.120444,85962,2479.017839,89163483.8552597,"BTCUSDT"
2021-05-28 17:00:00,35789.31,36240,35181.73,35209.89,5872.517994,2021-05-28 17:59:59,209437195.514751,98876,2899.705996,103454609.06778,"BTCUSDT"
2021-05-28 18:00:00,35209.86,35419.38,34684,35031.79,7091.819237,2021-05-28 18:59:59,248149599.657722,153238,3213.083049,112440462.693706,"BTCUSDT"
2021-05-28 19:00:00,35031.79,35600,34750.56,35061.65,5236.053523,2021-05-28 19:59:59,183745768.822233,104263,2606.090568,91431513.0288009,"BTCUSDT"
2021-05-28 20:00:00,35061.92,35893.55,34950.01,35663.49,3656.900973,2021-05-28 20:59:59,129674041.619011,72488,1932.764169,68542834.9399469,"BTCUSDT"
2021-05-28 21:00:00,35661.79,36437.5,35617.87,36214.77,3989.262001,2021-05-28 21:59:59,143455183.951601,86127,1979.478039,71202897.0190313,"BTCUSDT"
2021-05-28 22:00:00,36217.97,36500,36091.71,36374.11,3064.396941,2021-05-28 22:59:59,111228863.938097,65324,1390.366409,50470052.7220983,"BTCUSDT"
2021-05-28 23:00:00,36374.11,36585.36,36100,36338.56,3698.049213,2021-05-28 23:59:59,134320528.956183,61253,1711.806604,62167315.7051494,"BTCUSDT"
2021-05-29 00:00:00,36338.56,36774.44,36165.05,36458.77,2751.863539,2021-05-29 00:59:59,100231637.651404,66834,1430.005953,52084947.9091311,"BTCUSDT"
2021-05-29 01:00:00,36458.77,36631.82,35604.3,35702.64,3480.197649,2021-05-29 01:59:59,125984686.693729,73547,1679.026809,60780964.2914331,"BTCUSDT"
2021-05-29 02:00:00,35702.64,37338.58,35702.63,36862.3,5064.550741,2021-05-29 02:59:59,186107916.145132,104450,2748.508505,100991419.615738,"BTCUSDT"
2021-05-29 03:00:00,36862.31,37086.1,36451.65,36522.92,2913.838284,2021-05-29 03:59:59,107203274.262363,64197,1362.857341,50167470.9462179,"BTCUSDT"
2021-05-29 04:00:00,36522.92,36720,36001,36145.02,3478.041007,2021-05-29 04:59:59,126533997.457557,72299,1726.870143,62832748.2879201,"BTCUSDT"
2021-05-29 05:00:00,36145,36350,35516.6,35776.76,3501.094883,2021-05-29 05:59:59,125944953.162604,77812,1736.267841,62486172.787399,"BTCUSDT"
2021-05-29 06:00:00,35776.76,35909.09,34854.79,35378.95,6457.259929,2021-05-29 06:59:59,227642392.544007,109468,3095.109207,109088941.099527,"BTCUSDT"
2021-05-29 07:00:00,35378.67,35469.36,34981.22,35230.64,3326.058934,2021-05-29 07:59:59,117187091.309274,62921,1614.301202,56883670.4756154,"BTCUSDT"
2021-05-29 08:00:00,35230.64,35850,34567.89,35375,6135.233558,2021-05-29 08:59:59,216141324.820632,112606,2921.240621,102944787.88593,"BTCUSDT"
2021-05-29 09:00:00,35375,35402.34,34590,34778.18,4978.203787,2021-05-29 09:59:59,173866115.824653,94075,2346.031566,81949049.3898574,"BTCUSDT"
2021-05-29 10:00:00,34779.65,34990,34125.68,34891.89,7954.557123,2021-05-29 10:59:59,274765199.41409,135429,3560.564801,122969962.394015,"BTCUSDT"
2021-05-29 11:00:00,34888.66,35300,34200,34618.56,6193.053689,2021-05-29 11:59:59,215487178.62114,102615,3049.314545,106186385.453934,"BTCUSDT"
2021-05-29 12:00:00,34620.3,34622.98,33800,34416.27,9643.083474,2021-05-29 12:59:59,330081679.979333,172181,4561.840211,156238903.604872,"BTCUSDT"
2021-05-29 13:00:00,34416.26,35049,34004.69,34828.86,6211.307749,2021-05-29 13:59:59,214037791.746946,119758,3156.061546,108786215.831653,"BTCUSDT"
2021-05-29 14:00:00,34835.4,34856.96,33650,33891.84,6021.105841,2021-05-29 14:59:59,205825824.214425,119079,2788.098522,95316881.726127,"BTCUSDT"
2021-05-29 15:00:00,33893.55,34179.96,33632.76,34070.98,5465.342194,2021-05-29 15:59:59,185151195.224927,98606,2734.179175,92666531.9541226,"BTCUSDT"
2021-05-29 16:00:00,34069.35,34329.59,33674.91,34025.43,4135.986849,2021-05-29 16:59:59,140430109.154226,80729,2032.078448,69023351.1113568,"BTCUSDT"
2021-05-29 17:00:00,34025.44,34494.93,33752.3,34234.18,4658.099088,2021-05-29 17:59:59,158829092.571749,85548,2153.705663,73493051.8247959,"BTCUSDT"
2021-05-29 18:00:00,34235.14,34742.93,34063.98,34650.08,3326.550872,2021-05-29 18:59:59,114348571.48471,78513,1606.762623,55244984.9032022,"BTCUSDT"
2021-05-29 19:00:00,34650.08,34651.73,34235.93,34467.84,2435.36036,2021-05-29 19:59:59,83879883.1217072,53729,1018.074246,35058570.8842851,"BTCUSDT"
2021-05-29 20:00:00,34468.95,35100,34137.09,34605.15,3780.594984,2021-05-29 20:59:59,131158843.072106,72543,1881.649632,65310390.9555942,"BTCUSDT"
2021-05-29 21:00:00,34605.15,34616.26,33379,33855.95,6060.999971,2021-05-29 21:59:59,205012385.055619,111365,2761.076973,93432021.2696845,"BTCUSDT"
2021-05-29 22:00:00,33849.25,34071.41,33500,33897.89,2693.575635,2021-05-29 22:59:59,91097967.225105,59224,1355.045766,45843114.1547792,"BTCUSDT"
2021-05-29 23:00:00,33896.76,34659.1,33785.21,34531.04,2598.610171,2021-05-29 23:59:59,89074825.4286794,54751,1395.571117,47847475.0994252,"BTCUSDT"
2021-05-30 00:00:00,34531.05,34974.99,34360.48,34770.12,2919.087099,2021-05-30 00:59:59,101174774.457657,60593,1531.572129,53090981.6664056,"BTCUSDT"
2021-05-30 01:00:00,34770.13,35258.28,34631.73,34751.74,3589.161222,2021-05-30 01:59:59,125181274.177277,66032,1749.699925,61051034.1049239,"BTCUSDT"
2021-05-30 02:00:00,34750.71,35492.89,34750.7,35325.61,4145.05298,2021-05-30 02:59:59,145924860.649763,79014,2019.039256,71073756.870296,"BTCUSDT"
2021-05-30 03:00:00,35327.19,35881.54,35251.98,35775.9,4683.259174,2021-05-30 03:59:59,166608363.855618,91123,2466.749973,87773043.5223049,"BTCUSDT"
2021-05-30 04:00:00,35775.9,36232.09,35583.51,35998.33,4081.661986,2021-05-30 04:59:59,146548011.346198,86047,2054.401848,73772072.7567324,"BTCUSDT"
2021-05-30 05:00:00,35996.12,36211.25,35546.42,35668.64,3320.046135,2021-05-30 05:59:59,118728731.162545,76423,1594.688071,57037117.9325249,"BTCUSDT"
2021-05-30 06:00:00,35671.62,36021.56,35671.62,35840.73,2123.159529,2021-05-30 06:59:59,76117938.6517017,51778,1044.04295,37439420.1426647,"BTCUSDT"
2021-05-30 07:00:00,35840.02,35999,35653.45,35702.99,2756.621243,2021-05-30 07:59:59,98745851.2412623,51482,1542.550269,55260389.1621464,"BTCUSDT"
2021-05-30 08:00:00,35703,36420,35700,36359.44,4034.044644,2021-05-30 08:59:59,145323843.386181,71503,2415.52166,87046068.5539221,"BTCUSDT"
2021-05-30 09:00:00,36359.44,36488,35280,35524.92,4859.677007,2021-05-30 09:59:59,173937486.541499,102134,2521.129315,90212097.8365811,"BTCUSDT"
2021-05-30 10:00:00,35524.94,35806.96,35401,35676.86,2833.671972,2021-05-30 10:59:59,100905892.016976,56408,1400.899902,49888377.1406472,"BTCUSDT"
2021-05-30 11:00:00,35676.86,35732.08,35100,35347.95,3148.13191,2021-05-30 11:59:59,111352590.41456,72286,1510.07017,53429859.2986267,"BTCUSDT"
2021-05-30 12:00:00,35347.1,35646.45,35209.03,35477,2213.669268,2021-05-30 12:59:59,78381085.5812719,53728,1160.213086,41081318.510127,"BTCUSDT"
2021-05-30 13:00:00,35477,35999.98,35300,35735.97,2966.743676,2021-05-30 13:59:59,105816196.054437,73304,1508.689266,53820906.1513473,"BTCUSDT"
2021-05-30 14:00:00,35734.95,36000,35707.64,35819.67,2188.193049,2021-05-30 14:59:59,78456527.1153283,59665,1090.987197,39127221.6230226,"BTCUSDT"
2021-05-30 15:00:00,35817.23,36264.77,35814.71,36125.54,2967.689472,2021-05-30 15:59:59,107074483.042838,61476,1541.223594,55601049.7132084,"BTCUSDT"
2021-05-30 16:00:00,36125.54,36284.44,36021.64,36077.59,1608.40812,2021-05-30 16:59:59,58120993.6754203,43240,766.084144,27686995.7322753,"BTCUSDT"
2021-05-30 17:00:00,36077.59,36350,35900,36050,2867.697945,2021-05-30 17:59:59,103664608.286706,56190,1618.578817,58538923.5485492,"BTCUSDT"
2021-05-30 18:00:00,36050,36205,35839.95,35940.45,1546.574089,2021-05-30 18:59:59,55731642.819685,43204,809.564322,29177564.6715236,"BTCUSDT"
2021-05-30 19:00:00,35939.61,36048.3,35667,35741.03,1725.646246,2021-05-30 19:59:59,61845441.6302263,41832,784.094834,28106107.3699023,"BTCUSDT"
2021-05-30 20:00:00,35741.03,35820,35500,35641.27,1604.004424,2021-05-30 20:59:59,57169174.3316871,37090,765.319319,27281005.7229534,"BTCUSDT"
2021-05-30 21:00:00,35641.26,36000,35200,35312.83,3371.935334,2021-05-30 21:59:59,119729973.859635,72173,1520.898897,54015102.1999875,"BTCUSDT"
2021-05-30 22:00:00,35312.82,35434.42,34727.91,34804.39,3468.140112,2021-05-30 22:59:59,121477337.404882,69611,1579.52763,55315100.0494511,"BTCUSDT"
2021-05-30 23:00:00,34806.75,34975,34440.8,34720,3853.411187,2021-05-30 23:59:59,133842135.929552,66337,1740.611684,60475635.1633369,"BTCUSDT"
2021-05-31 00:00:00,34727.52,34747.21,34250.55,34489.57,3437.378712,2021-05-31 00:59:59,118597529.74263,67108,1574.552896,54327368.1456025,"BTCUSDT"
2021-05-31 01:00:00,34489.58,34664.37,34153.84,34466.38,2677.09563,2021-05-31 01:59:59,92043491.1568883,59750,1284.421859,44173250.3399867,"BTCUSDT"
2021-05-31 02:00:00,34466.37,34688.74,34185.35,34447.34,3519.449009,2021-05-31 02:59:59,121336201.30421,63075,1566.891577,54007041.402429,"BTCUSDT"
2021-05-31 03:00:00,34447.35,35115.27,34434.29,35040.94,3946.599314,2021-05-31 03:59:59,137432996.932488,71088,1877.849717,65385736.2282998,"BTCUSDT"
2021-05-31 04:00:00,35045.92,35975,34981.11,35850.17,6010.324686,2021-05-31 04:59:59,213849731.375793,104652,2973.062904,105763185.352994,"BTCUSDT"
2021-05-31 05:00:00,35850.17,36240.09,35588.08,36120.49,4694.039654,2021-05-31 05:59:59,168933078.335559,89937,2388.147464,85928698.1568111,"BTCUSDT"
2021-05-31 06:00:00,36120.49,36384.99,35876,35929.8,4351.975493,2021-05-31 06:59:59,157177579.622942,82005,2090.272538,75514539.6031436,"BTCUSDT"
2021-05-31 07:00:00,35931.48,37030,35926.81,36882.95,8736.334823,2021-05-31 07:59:59,320451182.656504,142306,4455.193916,163276671.439297,"BTCUSDT"
2021-05-31 08:00:00,36883.75,37195,36750,36836.46,5165.136262,2021-05-31 08:59:59,190891250.057853,97160,2628.479625,97149534.8019508,"BTCUSDT"
2021-05-31 09:00:00,36836.46,37278.03,36605,36777,5044.905836,2021-05-31 09:59:59,186290636.980316,94073,2549.350876,94160305.7024741,"BTCUSDT"
2021-05-31 10:00:00,36777.01,37062.57,36510.66,36721.28,5030.723894,2021-05-31 10:59:59,185178921.080492,89752,2411.427679,88766366.839809,"BTCUSDT"
2021-05-31 11:00:00,36721.29,36853.94,36333.44,36620.39,4333.305783,2021-05-31 11:59:59,158281846.416714,78361,2124.037069,77602571.1020573,"BTCUSDT"
2021-05-31 12:00:00,36620.39,37149.99,36580.01,36961.16,4167.824255,2021-05-31 12:59:59,153858395.057668,86801,2278.979018,84137869.7565742,"BTCUSDT"
2021-05-31 13:00:00,36961.16,37457.07,36843.24,37117.24,6313.228329,2021-05-31 13:59:59,234665903.041961,146757,3252.08003,120885172.516846,"BTCUSDT"
2021-05-31 14:00:00,37117.21,37178.16,36673.41,36934.73,4003.907256,2021-05-31 14:59:59,147660644.978727,71628,1999.060039,73727094.5092415,"BTCUSDT"
2021-05-31 15:00:00,36935.81,36955.02,36600.2,36694.27,1919.115189,2021-05-31 15:59:59,70542843.9482452,42694,905.153698,33275700.1166091,"BTCUSDT"
2021-05-31 16:00:00,36694.27,36871.38,36510.01,36863.67,1963.402273,2021-05-31 16:59:59,72040569.5599054,47664,972.452533,35689180.7151208,"BTCUSDT"
2021-05-31 17:00:00,36865.75,36980.76,36557.3,36675.06,1697.834605,2021-05-31 17:59:59,62422937.0824089,45835,800.04781,29412626.3331439,"BTCUSDT"
2021-05-31 18:00:00,36677.85,37087.3,36623.01,36932.55,1483.171068,2021-05-31 18:59:59,54590957.9502912,59497,789.102765,29053363.8213684,"BTCUSDT"
2021-05-31 19:00:00,36932.55,37250,36835.85,36879.23,2322.342402,2021-05-31 19:59:59,86091105.8020608,59238,1134.962112,42078781.0804415,"BTCUSDT"
2021-05-31 20:00:00,36879.23,37499,36800.93,37253.81,2649.154183,2021-05-31 20:59:59,98660484.5534016,88857,1441.368168,53675828.6803855,"BTCUSDT"
2021-05-31 21:00:00,37253.82,37894.81,37100,37798.31,5234.072735,2021-05-31 21:59:59,196926607.507322,113551,2496.941097,93926954.6603055,"BTCUSDT"
2021-05-31 22:00:00,37798.32,37803.49,37160,37196.64,3154.434156,2021-05-31 22:59:59,118173642.761529,67030,1253.886526,46950921.7770888,"BTCUSDT"
2021-05-31 23:00:00,37196.64,37296.08,36620,36850,3078.850158,2021-05-31 23:59:59,113551230.183487,80336,1481.322679,54628660.8213061,"BTCUSDT"
2021-06-01 00:00:00,36850,37124.09,36478,36704.99,3179.701359,2021-06-01 00:59:59,116905766.76947,60175,1531.166374,56307543.2289879,"BTCUSDT"
2021-06-01 01:00:00,36706.8,36957.69,36561.89,36748.01,1767.107527,2021-06-01 01:59:59,64976976.7696167,76406,910.076432,33467385.378611,"BTCUSDT"
2021-06-01 02:00:00,36748.02,37350,36710.4,37266.55,2603.445266,2021-06-01 02:59:59,96537837.2770815,55850,1389.118866,51511363.1463376,"BTCUSDT"
2021-06-01 03:00:00,37264.66,37443.72,36710.19,36915.32,3002.411865,2021-06-01 03:59:59,111290611.218341,83909,1527.406969,56618604.3059608,"BTCUSDT"
2021-06-01 04:00:00,36917.6,37171.09,36638.71,36831.58,2722.383175,2021-06-01 04:59:59,100313042.70455,88793,1244.731208,45884215.1330309,"BTCUSDT"
2021-06-01 05:00:00,36831.58,36939.81,35902.43,36197.77,5806.787389,2021-06-01 05:59:59,210515123.687515,140855,2499.693422,90595894.8496231,"BTCUSDT"
2021-06-01 06:00:00,36197.75,36362.98,35965.72,36231.51,2723.889997,2021-06-01 06:59:59,98565251.3513806,58281,1275.067928,46141618.0334498,"BTCUSDT"
2021-06-01 07:00:00,36234.1,36593.41,36095.15,36439.6,2804.839551,2021-06-01 07:59:59,101992700.904482,54084,1488.542202,54129339.2959141,"BTCUSDT"
2021-06-01 08:00:00,36439.59,36761.96,36282.01,36596.62,2484.370825,2021-06-01 08:59:59,90812462.8474137,48073,1307.866262,47812857.641613,"BTCUSDT"
2021-06-01 09:00:00,36596.63,36597.26,36112.01,36164.95,3365.376983,2021-06-01 09:59:59,122194004.973668,56616,1581.056972,57395653.0459628,"BTCUSDT"
2021-06-01 10:00:00,36163.51,37440,35666,37039.69,10250.555776,2021-06-01 10:59:59,375949295.018875,168978,5428.20307,199312223.446002,"BTCUSDT"
2021-06-01 11:00:00,37036.57,37289.86,36478.36,36636.71,4510.797149,2021-06-01 11:59:59,166343127.427669,83110,2214.325108,81690818.2413788,"BTCUSDT"
2021-06-01 12:00:00,36634.42,36644.7,36025.46,36235.29,3903.095706,2021-06-01 12:59:59,141630078.675126,75651,2043.872075,74151582.6842279,"BTCUSDT"
2021-06-01 13:00:00,36235.28,36479.99,35760,35875.57,4317.774876,2021-06-01 13:59:59,156038416.419477,82668,2131.112138,77054256.1462678,"BTCUSDT"
2021-06-01 14:00:00,35871.69,36300,35716.66,36154.77,2880.592451,2021-06-01 14:59:59,103674311.48868,62411,1593.393421,57359174.6969095,"BTCUSDT"
2021-06-01 15:00:00,36154.64,36492.89,36087.95,36240.69,2494.576699,2021-06-01 15:59:59,90475656.4680922,51325,1286.540499,46664676.1073171,"BTCUSDT"
2021-06-01 16:00:00,36240.46,36240.49,35726.36,35973.87,3225.508932,2021-06-01 16:59:59,116101074.551772,64301,1533.597187,55214878.792401,"BTCUSDT"
2021-06-01 17:00:00,35973.86,36339.6,35873.08,36327.05,1999.820832,2021-06-01 17:59:59,72251737.5044561,48102,1137.345943,41096264.7941555,"BTCUSDT"
2021-06-01 18:00:00,36327.05,36474.55,36040.11,36418.77,1772.288919,2021-06-01 18:59:59,64314491.1259627,47528,854.14262,31001297.1234877,"BTCUSDT"
2021-06-01 19:00:00,36418.77,36590.53,36213.8,36433.69,1811.947807,2021-06-01 19:59:59,65953844.4828155,44260,929.123392,33822309.1862069,"BTCUSDT"
2021-06-01 20:00:00,36433.69,36800,36428.42,36693.09,2140.033637,2021-06-01 20:59:59,78441008.2568064,48124,1153.302461,42269798.6971013,"BTCUSDT"
2021-06-01 21:00:00,36694.85,36900,36059.12,36179.39,2792.547517,2021-06-01 21:59:59,101833665.973845,65857,1296.207745,47273790.0580319,"BTCUSDT"
2021-06-01 22:00:00,36179.38,36299.47,35920,36292.17,1757.999958,2021-06-01 22:59:59,63497983.8836976,44240,842.286848,30426048.5415266,"BTCUSDT"
2021-06-01 23:00:00,36292.17,36550,36230,36268.41,1463.206921,2021-06-01 23:59:59,53254120.6933232,39167,718.055185,26135386.5292618,"BTCUSDT"
2021-06-02 00:00:00,36267.67,36685,36267.08,36472.39,1989.76496,2021-06-02 00:59:59,72633555.539668,41647,923.878744,33724152.8100117,"BTCUSDT"
2021-06-02 01:00:00,36472.38,36767.44,36472.38,36665.05,1930.591246,2021-06-02 01:59:59,70743773.5516082,39617,963.83525,35320185.6680252,"BTCUSDT"
2021-06-02 02:00:00,36662.22,36921,36487.66,36808.49,2488.19277,2021-06-02 02:59:59,91300243.9888221,45845,1344.204276,49342158.1476608,"BTCUSDT"
2021-06-02 03:00:00,36808.49,36989,36661.53,36734.54,2448.940769,2021-06-02 03:59:59,90101199.5085562,48754,1212.403531,44608149.4069923,"BTCUSDT"
2021-06-02 04:00:00,36734.54,37400,36731.03,37220,5591.509934,2021-06-02 04:59:59,207805328.051311,95122,3192.57549,118610336.567424,"BTCUSDT"
2021-06-02 05:00:00,37219.99,37473.29,37065,37371.01,3634.601704,2021-06-02 05:59:59,135319417.04201,71161,2044.255961,76132026.8351358,"BTCUSDT"
2021-06-02 06:00:00,37371.64,37538.07,37169.26,37270.26,3172.904914,2021-06-02 06:59:59,118441152.053411,62261,1557.750566,58163562.4485977,"BTCUSDT"
2021-06-02 07:00:00,37270.26,37294.54,37042.7,37151.17,2548.990591,2021-06-02 07:59:59,94769209.9649842,53373,1266.75804,47102802.2589642,"BTCUSDT"
2021-06-02 08:00:00,37148.02,37369.2,36851.45,37203.08,3485.806389,2021-06-02 08:59:59,129364485.813912,72846,1768.345141,65632466.4461177,"BTCUSDT"
2021-06-02 09:00:00,37203.08,37450.75,37170.38,37276.59,2547.700014,2021-06-02 09:59:59,95090840.7134593,60767,1276.057535,47627622.4721081,"BTCUSDT"
2021-06-02 10:00:00,37276.58,37800,37058.61,37539.04,5254.229145,2021-06-02 10:59:59,196953444.059393,108915,2881.545045,108023166.870965,"BTCUSDT"
2021-06-02 11:00:00,37539.05,38100,37455,37853.57,5342.75313,2021-06-02 11:59:59,202039299.701759,103719,2833.212734,107143329.591085,"BTCUSDT"
2021-06-02 12:00:00,37853.57,38225,37853.56,38040.7,4402.050688,2021-06-02 12:59:59,167452582.728436,104685,2295.431885,87326316.9321958,"BTCUSDT"
2021-06-02 13:00:00,38040.69,38200,37727.37,37893.57,3948.777877,2021-06-02 13:59:59,149918182.195374,123661,1832.14769,69580379.3117442,"BTCUSDT"
2021-06-02 14:00:00,37893.57,38095,37750,38014.98,2057.314994,2021-06-02 14:59:59,77925555.6201802,57609,1021.252812,38692898.3684103,"BTCUSDT"
2021-06-02 15:00:00,38014.23,38066.65,37775,38016.41,1826.695163,2021-06-02 15:59:59,69335852.6707987,47714,896.974138,34047931.8689681,"BTCUSDT"
2021-06-02 16:00:00,38016.41,38045,37795.59,37884.57,1458.803558,2021-06-02 16:59:59,55314557.5435703,47917,717.275361,27198294.9827157,"BTCUSDT"
2021-06-02 17:00:00,37884.58,37929.97,37569.25,37724.61,2425.931378,2021-06-02 17:59:59,91480300.03842,58408,1081.066909,40769870.936629,"BTCUSDT"
2021-06-02 18:00:00,37724.61,37918,37673.21,37780.32,1280.280508,2021-06-02 18:59:59,48408927.6075891,49502,638.028327,24124042.7188858,"BTCUSDT"
2021-06-02 19:00:00,37779.86,37874.66,37320,37527.89,2308.791592,2021-06-02 19:59:59,86721289.5684572,54075,1020.581291,38348778.0157397,"BTCUSDT"
2021-06-02 20:00:00,37527.89,37745.41,37434.01,37568.68,1428.986775,2021-06-02 20:59:59,53757607.1758525,34053,704.365783,26500777.124886,"BTCUSDT"
2021-06-02 21:00:00,37568.68,37903.14,37291.35,37469.31,2938.209713,2021-06-02 21:59:59,110119720.138226,57185,1426.758204,53487824.4242323,"BTCUSDT"
2021-06-02 22:00:00,37469.32,37580.43,37250,37298,1650.418934,2021-06-02 22:59:59,61763373.2522846,35251,741.112832,27740549.990564,"BTCUSDT"
2021-06-02 23:00:00,37298.01,37366.55,37199,37345.09,716.905016,2021-06-02 23:59:59,26736371.5706069,29847,330.491654,12326013.9810459,"BTCUSDT"
2021-06-03 03:03:00,37372.25,37372.25,37340.06,37354.98,19.359254,2021-06-03 03:03:59,723104.82941002,612,5.547707,207218.96707112,"BTCUSDT"
2021-06-03 03:04:00,37354.98,37379.99,37349.64,37367.47,8.495027,2021-06-03 03:04:59,317418.91395798,313,3.957219,147856.64221769,"BTCUSDT"
2021-06-03 03:04:00,37354.98,37380,37349.64,37379.98,12.022688,2021-06-03 03:04:59,449246.32694645,444,5.465007,204207.88459367,"BTCUSDT"
2021-06-03 03:05:00,37379.99,37412.98,37376.43,37410.55,29.446304,2021-06-03 03:05:59,1101129.14402491,658,18.656658,697688.232081,"BTCUSDT"
2021-06-03 03:06:00,37412.96,37430,37412.96,37419.3,16.150186,2021-06-03 03:06:59,604396.33587932,367,9.455349,353846.43673045,"BTCUSDT"
2021-06-03 03:06:00,37412.96,37438,37412.96,37424.26,23.077455,2021-06-03 03:06:59,863669.02792584,603,11.412702,427103.7167787,"BTCUSDT"
2021-06-03 03:07:00,37424.27,37426.37,37395.22,37407.11,28.718422,2021-06-03 03:07:59,1074297.67330567,629,10.378294,388232.78080509,"BTCUSDT"
2021-06-03 03:07:00,37424.27,37426.37,37395.22,37407.1,28.796025,2021-06-03 03:07:59,1077200.57716205,639,10.445802,390758.05998697,"BTCUSDT"
2021-06-03 03:08:00,37407.11,37449.84,37400,37431.84,26.539522,2021-06-03 03:08:59,993143.03601785,959,14.329987,536271.78478076,"BTCUSDT"
2021-06-03 03:08:00,37407.11,37449.84,37400,37431.84,26.539522,2021-06-03 03:08:59,993143.03601785,959,14.329987,536271.78478076,"BTCUSDT"
2021-06-03 03:09:00,37431.83,37449.74,37430.69,37444.18,28.47918,2021-06-03 03:09:59,1066251.92816322,630,18.781233,703168.74481511,"BTCUSDT"
2021-06-03 03:13:00,37384.04,37400,37381.29,37394.82,16.121248,2021-06-03 03:13:59,602850.91221242,501,7.090298,265121.51046023,"BTCUSDT"
2021-06-03 03:14:00,37394.81,37394.82,37375.44,37383.67,14.526915,2021-06-03 03:14:59,543083.17380761,337,5.186265,193886.49516161,"BTCUSDT"
2021-06-04 02:06:00,37818.03,37859.19,37800.53,37835.03,68.618418,2021-06-04 02:06:59,2595589.39970708,1851,44.558724,1685373.95970348,"BTCUSDT"
2021-06-04 02:07:00,37835.02,37844.58,37800.54,37820.28,33.627769,2021-06-04 02:07:59,1271822.53832785,2434,14.269734,539667.81508906,"BTCUSDT"
2021-06-04 02:08:00,37820.28,37820.29,37780.49,37794.58,73.455707,2021-06-04 02:08:59,2776371.33020311,1901,28.62352,1081866.41370667,"BTCUSDT"
2021-06-04 02:09:00,37794.58,37794.59,37723.12,37735.48,83.945186,2021-06-04 02:09:59,3169967.56881928,2500,24.904536,940499.74874767,"BTCUSDT"
2021-06-04 02:10:00,37733.59,37789.99,37733.58,37783.13,57.028426,2021-06-04 02:10:59,2153344.01854864,1840,31.375984,1184768.40976216,"BTCUSDT"
2021-06-04 02:11:00,37783.14,37783.14,37737.29,37742.72,12.034462,2021-06-04 02:11:59,454374.9561419,487,7.915113,298852.92217522,"BTCUSDT"
2021-06-04 02:25:00,37565.43,37619.99,37443.03,37574.05,393.882442,2021-06-04 02:29:59,14784239.8383228,12489,204.67785,7683346.17668994,"BTCUSDT"
2021-06-04 02:30:00,37571.05,37783.81,37550,37699,374.135572,2021-06-04 02:34:59,14103427.8831044,13046,209.637114,7902534.57354272,"BTCUSDT"
2021-06-04 02:35:00,37699,37785.92,37686.23,37742.61,207.037009,2021-06-04 02:39:59,7813482.11813767,10873,119.216089,4499216.14898295,"BTCUSDT"
2021-06-04 02:40:00,37743.4,37766.41,37691.64,37711.89,172.746098,2021-06-04 02:44:59,6517252.46645845,10019,87.872048,3315120.78931472,"BTCUSDT"
2021-06-04 02:45:00,37712.99,37715.07,37626.7,37634.02,58.841568,2021-06-04 02:49:59,2216618.03325572,3083,24.055663,906234.22801694,"BTCUSDT"
2021-06-04 02:25:00,37565.43,37619.99,37443.03,37574.05,393.882442,2021-06-04 02:29:59,14784239.8383228,12489,204.67785,7683346.17668994,"BTCUSDT"
2021-06-04 02:30:00,37571.05,37783.81,37550,37699,374.135572,2021-06-04 02:34:59,14103427.8831044,13046,209.637114,7902534.57354272,"BTCUSDT"
2021-06-04 02:35:00,37699,37785.92,37686.23,37742.61,207.037009,2021-06-04 02:39:59,7813482.11813767,10873,119.216089,4499216.14898295,"BTCUSDT"
2021-06-04 02:40:00,37743.4,37766.41,37691.64,37711.89,172.746098,2021-06-04 02:44:59,6517252.46645845,10019,87.872048,3315120.78931472,"BTCUSDT"
2021-06-04 02:45:00,37712.99,37715.07,37618.64,37636.68,99.657318,2021-06-04 02:49:59,3752625.72276815,5126,42.34091,1594382.75846607,"BTCUSDT"
2021-06-04 02:25:00,37565.43,37619.99,37443.03,37574.05,393.882442,2021-06-04 02:29:59,14784239.8383228,12489,204.67785,7683346.17668994,"BTCUSDT"
2021-06-04 02:30:00,37571.05,37783.81,37550,37699,374.135572,2021-06-04 02:34:59,14103427.8831044,13046,209.637114,7902534.57354272,"BTCUSDT"
2021-06-04 02:35:00,37699,37785.92,37686.23,37742.61,207.037009,2021-06-04 02:39:59,7813482.11813767,10873,119.216089,4499216.14898295,"BTCUSDT"
2021-06-04 02:40:00,37743.4,37766.41,37691.64,37711.89,172.746098,2021-06-04 02:44:59,6517252.46645845,10019,87.872048,3315120.78931472,"BTCUSDT"
2021-06-04 02:45:00,37712.99,37831.51,37618.64,37786.79,248.91554,2021-06-04 02:49:59,9388483.97420928,11137,132.927032,5015298.1338499,"BTCUSDT"
2021-06-04 03:25:00,37745.19,37985.97,37745.18,37920.19,324.75976,2021-06-04 03:29:59,12306289.4888861,6989,173.721422,6581960.00639652,"BTCUSDT"
2021-06-04 03:25:00,37745.19,37985.97,37745.18,37920.19,324.75976,2021-06-04 03:29:59,12306289.4888861,6989,173.721422,6581960.00639652,"BTCUSDT"
2021-06-04 03:25:00,37745.19,37985.97,37745.18,37920.19,324.75976,2021-06-04 03:29:59,12306289.4888861,6989,173.721422,6581960.00639652,"BTCUSDT"
