"","open_time","open","high","low","close","volume","close_time","quote_asset_volume","trades","taker_buy_base_asset_volume","taker_buy_quote_asset_volume","symbol"
"1",2021-05-29 17:22:00,33812.24,33895.4,33799.51,33840.06,63.709907,2021-05-29 17:22:59,2155822.726141,1363,38.016959,1286544.97591297,"BTCUSDT"
"2",2021-05-29 17:23:00,33840.08,33893,33794.77,33850.01,86.189332,2021-05-29 17:23:59,2917052.77309029,1265,23.629747,799489.43298466,"BTCUSDT"
"3",2021-05-29 17:24:00,33850,33882.05,33824.77,33828.02,113.73324,2021-05-29 17:24:59,3849122.87751219,1089,77.269247,2614929.14488965,"BTCUSDT"
"4",2021-05-29 17:25:00,33830.76,33898.13,33821.02,33834.49,57.96959,2021-05-29 17:25:59,1962786.52407391,1465,23.913216,809502.25898325,"BTCUSDT"
"5",2021-05-29 17:26:00,33831.76,33851.41,33801.7,33806.1,78.792249,2021-05-29 17:26:59,2664623.99238207,1513,23.045941,779362.67194459,"BTCUSDT"
"6",2021-05-29 17:27:00,33806.09,33858.79,33801.71,33840,77.345482,2021-05-29 17:27:59,2616275.85830564,1256,40.853954,1382039.95305728,"BTCUSDT"
"7",2021-05-29 17:28:00,33840.01,34087.9,33835.26,34028.92,207.781568,2021-05-29 17:28:59,7051874.05536175,2932,107.523517,3650291.97674469,"BTCUSDT"
"8",2021-05-29 17:29:00,34028.92,34140.87,33995.39,34091.41,90.235094,2021-05-29 17:29:59,3075438.79455565,1791,47.662816,1624544.06952116,"BTCUSDT"
"9",2021-05-29 17:30:00,34094.27,34213.58,34030.05,34170.33,131.431892,2021-05-29 17:30:59,4486502.19500521,2298,69.890077,2385082.13244371,"BTCUSDT"
"10",2021-05-29 17:31:00,34170.33,34250,34141.41,34181.68,80.881407,2021-05-29 17:31:59,2766212.22405409,1770,46.228691,1581170.50488961,"BTCUSDT"
"11",2021-05-29 17:32:00,34174.12,34319.18,34174.08,34293.44,105.39902,2021-05-29 17:32:59,3609140.33782721,1684,71.051191,2433144.98835864,"BTCUSDT"
"12",2021-05-29 17:33:00,34292.63,34295.61,34195.42,34278.1,110.306264,2021-05-29 17:33:59,3777654.5353239,1762,57.245037,1960656.04545965,"BTCUSDT"
"13",2021-05-29 17:34:00,34276.59,34308.98,34206.72,34208.78,148.486976,2021-05-29 17:34:59,5087742.11590003,1927,89.692717,3073491.01392541,"BTCUSDT"
"14",2021-05-29 17:35:00,34208.77,34242.44,34118.56,34127.27,79.571459,2021-05-29 17:35:59,2720968.35107272,1338,28.247153,966342.67754176,"BTCUSDT"
"15",2021-05-29 17:36:00,34128,34155.18,34021.94,34026.57,67.497126,2021-05-29 17:36:59,2299554.69400392,1510,22.464406,765369.28213144,"BTCUSDT"
"16",2021-05-29 17:37:00,34027.42,34277.57,34026.57,34234.44,128.8513,2021-05-29 17:37:59,4406382.96094227,1947,95.122056,3253134.86164558,"BTCUSDT"
"17",2021-05-29 17:38:00,34229.54,34420,34220.12,34340.34,166.449095,2021-05-29 17:38:59,5716163.74272888,3003,97.958818,3364076.24413471,"BTCUSDT"
"18",2021-05-29 17:39:00,34340.34,34494.93,34340.33,34390.01,135.144093,2021-05-29 17:39:59,4651343.53396453,2757,66.188011,2277871.40574177,"BTCUSDT"
"19",2021-05-29 17:40:00,34390.01,34450,34282.36,34424.18,102.077946,2021-05-29 17:40:59,3507448.76382846,1897,56.891666,1954736.22429942,"BTCUSDT"
"20",2021-05-29 17:41:00,34424.18,34450,34265.5,34285.75,141.510298,2021-05-29 17:41:59,4865367.47855795,2140,55.399326,1905054.64185868,"BTCUSDT"
"21",2021-05-29 17:42:00,34280.9,34390.33,34280.9,34322.37,75.929861,2021-05-29 17:42:59,2606776.12491339,1318,46.158666,1584800.36438375,"BTCUSDT"
"22",2021-05-29 17:43:00,34324.16,34369.17,34295.46,34346.2,54.000372,2021-05-29 17:43:59,1854199.63851256,1009,29.775296,1022417.1573992,"BTCUSDT"
"23",2021-05-29 17:44:00,34342.39,34438.58,34320.12,34341.19,63.564459,2021-05-29 17:44:59,2185548.14083086,1239,27.408155,942399.31481644,"BTCUSDT"
"24",2021-05-29 17:45:00,34341.19,34359.26,34226.13,34239.95,61.062744,2021-05-29 17:45:59,2094178.35564544,1398,25.313785,868253.32585797,"BTCUSDT"
"25",2021-05-29 17:46:00,34239.31,34285.7,34149.32,34170.74,93.229794,2021-05-29 17:46:59,3189345.76312959,1718,32.499848,1111921.03229178,"BTCUSDT"
"26",2021-05-29 17:47:00,34176.78,34231.72,34103.78,34216.78,44.5698,2021-05-29 17:47:59,1522037.69399193,1254,23.250087,794051.72772495,"BTCUSDT"
"27",2021-05-29 17:48:00,34220.94,34247.24,34113.56,34143.65,42.723625,2021-05-29 17:48:59,1459471.05149355,1039,14.007948,478565.48711964,"BTCUSDT"
"28",2021-05-29 17:49:00,34147.96,34178.28,34105.65,34127.55,37.241933,2021-05-29 17:49:59,1271045.11953061,818,19.263513,657503.36950108,"BTCUSDT"
"29",2021-05-29 17:50:00,34127.55,34130.36,34074.45,34079.93,42.332645,2021-05-29 17:50:59,1443471.35532723,966,16.218216,552973.32664746,"BTCUSDT"
"30",2021-05-29 17:51:00,34079.93,34092.26,34042.13,34091.94,36.392367,2021-05-29 17:51:59,1239915.11599918,1021,14.532558,495177.93609648,"BTCUSDT"
"31",2021-05-29 17:52:00,34091.93,34093.51,34020.72,34020.73,55.604461,2021-05-29 17:52:59,1894054.93215216,1125,20.585591,701349.33215735,"BTCUSDT"
"32",2021-05-29 17:53:00,34020.73,34089.75,34012.1,34085.06,41.694867,2021-05-29 17:53:59,1419251.1045752,941,17.856439,607919.78237189,"BTCUSDT"
"33",2021-05-29 17:54:00,34077.78,34079.99,34032.25,34052.59,24.449728,2021-05-29 17:54:59,832505.14817434,684,12.335456,419990.36600933,"BTCUSDT"
"34",2021-05-29 17:55:00,34058.64,34058.64,33974.17,34008.63,68.761907,2021-05-29 17:55:59,2338624.32107523,1323,19.599927,666713.51683284,"BTCUSDT"
"35",2021-05-29 17:56:00,34010.6,34147.36,34001.22,34143.99,47.607433,2021-05-29 17:56:59,1621265.50008208,1026,31.997393,1089729.22585198,"BTCUSDT"
"36",2021-05-29 17:57:00,34143.99,34149.91,34052.02,34110.54,28.584548,2021-05-29 17:57:59,974760.66437659,883,15.482544,527986.59675323,"BTCUSDT"
"37",2021-05-29 17:58:00,34110.51,34195.17,34071.41,34175.8,64.658845,2021-05-29 17:58:59,2207355.26955614,1034,36.574741,1248147.41212384,"BTCUSDT"
"38",2021-05-29 17:59:00,34175.38,34279.58,34155.96,34234.18,59.933896,2021-05-29 17:59:59,2052044.1506885,1224,32.542426,1114262.08213472,"BTCUSDT"
"39",2021-05-29 18:00:00,34235.14,34329.87,34234.27,34299.89,73.239409,2021-05-29 18:00:59,2512065.5772726,1466,40.147071,1376850.33253013,"BTCUSDT"
"40",2021-05-29 18:01:00,34300,34350,34298.8,34328.82,86.478228,2021-05-29 18:01:59,2969162.7895137,1682,46.180174,1585566.92658201,"BTCUSDT"
"41",2021-05-29 18:02:00,34328.82,34328.82,34250,34283.88,67.044244,2021-05-29 18:02:59,2298066.0891047,1350,34.62576,1187063.69372658,"BTCUSDT"
"42",2021-05-29 18:03:00,34277.69,34340.31,34277.69,34329.15,29.713405,2021-05-29 18:03:59,1019512.77631851,917,13.774922,472639.28370629,"BTCUSDT"
"43",2021-05-29 18:04:00,34329.13,34342.3,34313.63,34320,44.810845,2021-05-29 18:04:59,1538370.21328736,905,27.062872,929096.28766672,"BTCUSDT"
"44",2021-05-29 18:05:00,34320.01,34445.86,34320,34365.37,107.698016,2021-05-29 18:05:59,3702753.63970333,2180,62.671494,2154699.09506728,"BTCUSDT"
"45",2021-05-29 18:06:00,34365.02,34403.41,34337.62,34386,48.770942,2021-05-29 18:06:59,1676316.54034778,1223,16.865122,579630.11589006,"BTCUSDT"
"46",2021-05-29 18:07:00,34386.01,34389.1,34310.01,34343.58,59.289134,2021-05-29 18:07:59,2036455.81564125,1152,26.355069,905226.26847483,"BTCUSDT"
"47",2021-05-29 18:08:00,34343.58,34348.71,34236.16,34268.6,75.306629,2021-05-29 18:08:59,2583410.29059655,1261,17.434469,597748.7126137,"BTCUSDT"
"48",2021-05-29 18:09:00,34268.62,34341.98,34247.96,34296.29,35.083082,2021-05-29 18:09:59,1202853.815994,1094,17.469466,598986.39395497,"BTCUSDT"
"49",2021-05-29 18:10:00,34288.83,34331.45,34277.14,34308.87,42.894499,2021-05-29 18:10:59,1471434.49130073,942,17.904331,614176.25664001,"BTCUSDT"
"50",2021-05-29 18:11:00,34308.15,34308.15,34171.44,34231.69,55.579958,2021-05-29 18:11:59,1902329.23501264,1287,23.352696,799117.55125934,"BTCUSDT"
"51",2021-05-29 18:12:00,34231.7,34249.99,34184.04,34218,26.131123,2021-05-29 18:12:59,894042.62765348,823,9.544966,326568.96163639,"BTCUSDT"
"52",2021-05-29 18:13:00,34218.26,34329.23,34197.4,34324.11,43.113512,2021-05-29 18:13:59,1477961.08336935,1163,16.246255,556692.5581032,"BTCUSDT"
"53",2021-05-29 18:14:00,34319.47,34319.48,34258.06,34286.74,32.524626,2021-05-29 18:14:59,1115179.23311032,955,13.344251,457504.59049005,"BTCUSDT"
"54",2021-05-29 18:15:00,34286.25,34326.98,34278.84,34315.19,24.668964,2021-05-29 18:15:59,846257.46342568,755,16.093397,552098.04922392,"BTCUSDT"
"55",2021-05-29 18:16:00,34313.51,34383.68,34313.5,34369.24,22.305298,2021-05-29 18:16:59,766127.23283819,818,14.269797,490144.81397457,"BTCUSDT"
"56",2021-05-29 18:17:00,34373,34386,34296,34381.46,70.873135,2021-05-29 18:17:59,2433545.56519032,1207,39.038051,1340291.10101037,"BTCUSDT"
"57",2021-05-29 18:18:00,34383.68,34387.99,34337.2,34365.83,54.353205,2021-05-29 18:18:59,1867572.57226208,946,31.102051,1068738.55845442,"BTCUSDT"
"58",2021-05-29 18:19:00,34365.83,34368,34308.02,34311.96,50.27194,2021-05-29 18:19:59,1726329.41771224,961,13.386188,459762.75103509,"BTCUSDT"
"59",2021-05-29 18:20:00,34309.76,34332.31,34285.65,34304.92,68.630105,2021-05-29 18:20:59,2354295.47838056,1151,38.237586,1311714.99014897,"BTCUSDT"
"60",2021-05-29 18:21:00,34304.92,34358.83,34266.96,34351.29,96.964805,2021-05-29 18:21:59,3325425.37425686,1240,22.576419,774391.26215145,"BTCUSDT"
"61",2021-05-29 18:22:00,34351.29,34355.57,34291.2,34294.89,27.366071,2021-05-29 18:22:59,939315.57191356,773,6.631386,227595.34442705,"BTCUSDT"
"62",2021-05-29 18:23:00,34294.89,34296.68,34240,34255.01,25.345142,2021-05-29 18:23:59,868444.65340252,808,6.846106,234573.79120774,"BTCUSDT"
"63",2021-05-29 18:24:00,34255.02,34307.61,34240,34286.96,28.378992,2021-05-29 18:24:59,972472.84159949,911,19.930376,682934.42140282,"BTCUSDT"
"64",2021-05-29 18:25:00,34287.08,34292.23,34191.73,34195.98,39.80492,2021-05-29 18:25:59,1362549.3448943,977,8.776877,300309.71270277,"BTCUSDT"
"65",2021-05-29 18:26:00,34195.97,34195.98,34099.34,34146.65,50.678389,2021-05-29 18:26:59,1729787.70351771,1540,16.634248,567902.31229459,"BTCUSDT"
"66",2021-05-29 18:27:00,34148.27,34166.76,34065.67,34065.67,57.406962,2021-05-29 18:27:59,1957449.37924025,1384,15.09659,514862.3976564,"BTCUSDT"
"67",2021-05-29 18:28:00,34071.14,34123.11,34063.98,34089.17,32.383238,2021-05-29 18:28:59,1104108.68163337,1229,15.36925,524118.83596133,"BTCUSDT"
"68",2021-05-29 18:29:00,34088.41,34155.27,34083.94,34119.39,50.004699,2021-05-29 18:29:59,1706700.21535375,1267,29.653112,1011993.57180815,"BTCUSDT"
"69",2021-05-29 18:30:00,34114.61,34198.09,34114.61,34189.58,54.48044,2021-05-29 18:30:59,1862221.59027894,1835,37.770696,1291222.11708168,"BTCUSDT"
"70",2021-05-29 18:31:00,34189.57,34190.23,34111.54,34173.45,35.152492,2021-05-29 18:31:59,1200209.61126862,1360,15.707517,536376.36127775,"BTCUSDT"
"71",2021-05-29 18:32:00,34181.81,34222.32,34173.46,34219.61,18.628971,2021-05-29 18:32:59,637361.75381606,798,8.388035,286994.45935011,"BTCUSDT"
"72",2021-05-29 18:33:00,34219.61,34223.21,34118.01,34177.99,43.64675,2021-05-29 18:33:59,1491651.10699771,1245,22.071813,754241.93354894,"BTCUSDT"
"73",2021-05-29 18:34:00,34178.44,34248.23,34178.42,34247.58,18.612324,2021-05-29 18:34:59,636828.34571936,672,12.287667,420443.69599683,"BTCUSDT"
"74",2021-05-29 18:35:00,34247.57,34248.8,34200,34200.02,53.243481,2021-05-29 18:35:59,1821908.84581697,914,13.058777,446979.34408844,"BTCUSDT"
"75",2021-05-29 18:36:00,34200.01,34202.17,34120,34167.11,39.514026,2021-05-29 18:36:59,1349965.49499612,1260,21.028113,718560.07761378,"BTCUSDT"
"76",2021-05-29 18:37:00,34167.01,34377.99,34160.54,34302.72,123.438013,2021-05-29 18:37:59,4231231.29541653,2753,83.216557,2851710.77212709,"BTCUSDT"
"77",2021-05-29 18:38:00,34300,34392.41,34300,34373.27,57.228813,2021-05-29 18:38:59,1965807.34649201,1489,21.12679,725741.50182804,"BTCUSDT"
"78",2021-05-29 18:39:00,34370.51,34454,34364.2,34414.84,43.468343,2021-05-29 18:39:59,1495615.38777564,1515,28.72217,988256.54372028,"BTCUSDT"
"79",2021-05-29 18:40:00,34414.84,34424.78,34345.8,34370.01,34.08284,2021-05-29 18:40:59,1171536.49179522,1178,18.877113,648892.93937882,"BTCUSDT"
"80",2021-05-29 18:41:00,34370.01,34376.36,34313,34322.88,32.674018,2021-05-29 18:41:59,1121929.91615429,1058,13.437304,461374.89156367,"BTCUSDT"
"81",2021-05-29 18:42:00,34326.8,34348.72,34315.73,34331.97,19.256006,2021-05-29 18:42:59,661040.63152596,756,9.711855,333425.53619471,"BTCUSDT"
"82",2021-05-29 18:43:00,34339.08,34394,34330.56,34354.19,28.169269,2021-05-29 18:43:59,967644.02128783,788,16.31445,560453.91364032,"BTCUSDT"
"83",2021-05-29 18:44:00,34351.99,34351.99,34276.1,34286.9,29.678607,2021-05-29 18:44:59,1018299.34290777,853,9.115693,312729.74091106,"BTCUSDT"
"84",2021-05-29 18:45:00,34286.91,34286.91,34208.18,34241.4,33.850792,2021-05-29 18:45:59,1159219.4638448,1158,12.459539,426671.10172589,"BTCUSDT"
"85",2021-05-29 18:46:00,34242.3,34316.98,34200,34286.93,28.27974,2021-05-29 18:46:59,968781.38347972,1091,14.091579,482870.55614201,"BTCUSDT"
"86",2021-05-29 18:47:00,34286.93,34440.75,34269.1,34386.53,42.711861,2021-05-29 18:47:59,1467195.06937688,1436,24.113467,828199.19622648,"BTCUSDT"
"87",2021-05-29 18:48:00,34383.8,34591.4,34376.15,34526.72,191.503337,2021-05-29 18:48:59,6607024.82327786,3009,121.214613,4182121.78337201,"BTCUSDT"
"88",2021-05-29 18:49:00,34526.72,34680.99,34466.01,34582.3,207.392775,2021-05-29 18:49:59,7170682.2630335,3992,109.155132,3774371.07366239,"BTCUSDT"
"89",2021-05-29 18:50:00,34581.56,34676.93,34516.8,34588.3,83.88871,2021-05-29 18:50:59,2900423.95051836,2115,44.166529,1527527.24484891,"BTCUSDT"
"90",2021-05-29 18:51:00,34588.3,34597.1,34504.61,34532.68,81.953671,2021-05-29 18:51:59,2830957.53985403,1422,29.987941,1035825.65203313,"BTCUSDT"
"91",2021-05-29 18:52:00,34530.54,34530.54,34483.46,34494.31,56.851505,2021-05-29 18:52:59,1961929.70452705,954,25.013438,863247.61264502,"BTCUSDT"
"92",2021-05-29 18:53:00,34494.31,34587.88,34486.79,34576.65,54.181444,2021-05-29 18:53:59,1872524.40044919,1496,28.171189,973605.08596425,"BTCUSDT"
"93",2021-05-29 18:54:00,34576.65,34576.66,34509.19,34547.98,26.108343,2021-05-29 18:54:59,901850.06171396,880,11.087037,382983.40008582,"BTCUSDT"
"94",2021-05-29 18:55:00,34549.68,34599.52,34500,34550,47.877716,2021-05-29 18:55:59,1653983.49387795,1313,22.49515,777140.00213121,"BTCUSDT"
"95",2021-05-29 18:56:00,34550,34556.81,34501.72,34510.24,34.750195,2021-05-29 18:56:59,1199933.3096035,852,22.470073,776029.13725524,"BTCUSDT"
"96",2021-05-29 18:57:00,34510.23,34705.05,34500,34705.04,118.5662,2021-05-29 18:57:59,4105781.2263317,2406,54.950789,1903053.59514443,"BTCUSDT"
"97",2021-05-29 18:58:00,34705.04,34742.93,34618.03,34672.32,87.15814,2021-05-29 18:58:59,3022086.25855551,2229,45.305649,1570996.91868291,"BTCUSDT"
"98",2021-05-29 18:59:00,34678.58,34688.53,34617.02,34650.08,73.088533,2021-05-29 18:59:59,2532651.64017028,1319,34.625596,1199939.77315975,"BTCUSDT"
"99",2021-05-29 19:00:00,34650.08,34651.73,34520,34524.76,58.08231,2021-05-29 19:00:59,2008641.95184345,1489,15.618644,540055.49029888,"BTCUSDT"
"100",2021-05-29 19:01:00,34524.76,34613.63,34518.52,34590,170.782605,2021-05-29 19:01:59,5904788.35264168,1945,47.960983,1657853.28816145,"BTCUSDT"
"101",2021-05-29 19:02:00,34590,34590.01,34528.77,34544.11,92.889042,2021-05-29 19:02:59,3211286.51984431,1377,16.697541,576837.94456282,"BTCUSDT"
"102",2021-05-29 19:03:00,34544.1,34551.46,34517.31,34536.33,44.146219,2021-05-29 19:03:59,1524501.00830177,814,17.18986,593656.13460666,"BTCUSDT"
"103",2021-05-29 19:04:00,34538.05,34570.1,34518.35,34531.82,38.986269,2021-05-29 19:04:59,1346606.34307096,858,26.15368,903363.6978379,"BTCUSDT"
"104",2021-05-29 19:05:00,34531.81,34534.71,34477.69,34477.7,36.288408,2021-05-29 19:05:59,1251951.62103945,917,7.571877,261225.95533622,"BTCUSDT"
"105",2021-05-29 19:06:00,34477.7,34492.99,34444.4,34465.83,102.199953,2021-05-29 19:06:59,3521368.36264888,1230,43.614446,1502743.2315884,"BTCUSDT"
"106",2021-05-29 19:07:00,34465.83,34500,34462.74,34481.14,46.075153,2021-05-29 19:07:59,1589065.63895031,727,25.679316,885614.14512919,"BTCUSDT"
"107",2021-05-29 19:08:00,34481.14,34481.15,34457,34457.35,16.44785,2021-05-29 19:08:59,566884.9422751,727,8.238866,283961.72183885,"BTCUSDT"
"108",2021-05-29 19:09:00,34457.35,34498.93,34457.35,34468.14,23.541453,2021-05-29 19:09:59,811707.00308332,821,8.778607,302657.77511014,"BTCUSDT"
"109",2021-05-29 19:10:00,34468.14,34525.11,34460.77,34476.43,62.841273,2021-05-29 19:10:59,2168022.36216018,951,28.953683,998661.10744162,"BTCUSDT"
"110",2021-05-29 19:11:00,34476.71,34476.71,34410,34426.92,43.600323,2021-05-29 19:11:59,1501529.321535,1143,17.018763,586016.11226091,"BTCUSDT"
"111",2021-05-29 19:12:00,34426.93,34474.26,34414.44,34432.3,46.288883,2021-05-29 19:12:59,1594131.34537465,1031,10.752609,370293.50776668,"BTCUSDT"
"112",2021-05-29 19:13:00,34433.88,34439.98,34345.99,34403.82,97.761103,2021-05-29 19:13:59,3362489.40564724,1627,30.258915,1040580.35689725,"BTCUSDT"
"113",2021-05-29 19:14:00,34403.81,34413.97,34362.96,34402.92,49.669485,2021-05-29 19:14:59,1708347.64061448,895,13.739491,472515.86494645,"BTCUSDT"
"114",2021-05-29 19:15:00,34402.92,34406.53,34362.01,34362.05,41.470609,2021-05-29 19:15:59,1425606.8660537,733,7.906261,271738.77364536,"BTCUSDT"
"115",2021-05-29 19:16:00,34362.06,34428.16,34362.01,34370.46,67.333323,2021-05-29 19:16:59,2315731.83215532,900,45.622243,1569309.46521172,"BTCUSDT"
"116",2021-05-29 19:17:00,34370.46,34382.11,34325.58,34325.59,36.628639,2021-05-29 19:17:59,1258274.2888595,823,8.625555,296286.01425714,"BTCUSDT"
"117",2021-05-29 19:18:00,34325.59,34355.83,34293.59,34341.63,65.265349,2021-05-29 19:18:59,2239461.77833904,1271,20.441927,701393.52374007,"BTCUSDT"
"118",2021-05-29 19:19:00,34340.32,34351.15,34280.56,34290.83,47.785659,2021-05-29 19:19:59,1639796.32809979,1234,13.774496,472652.86160331,"BTCUSDT"
"119",2021-05-29 19:20:00,34290.03,34339.92,34285.06,34324.63,35.536725,2021-05-29 19:20:59,1219257.45074429,942,15.920886,546270.46990166,"BTCUSDT"
"120",2021-05-29 19:21:00,34324.63,34450.62,34305,34412.83,77.312305,2021-05-29 19:21:59,2659489.46015204,1444,34.794002,1196935.88470055,"BTCUSDT"
"121",2021-05-29 19:22:00,34412.82,34440.4,34385.07,34436.29,31.754735,2021-05-29 19:22:59,1092961.34896922,758,13.756881,473499.96790139,"BTCUSDT"
"122",2021-05-29 19:23:00,34436.29,34436.29,34393.18,34428.71,28.520181,2021-05-29 19:23:59,981664.7533413,652,7.397149,254593.55759458,"BTCUSDT"
"123",2021-05-29 19:24:00,34426.49,34538.42,34419.01,34535.69,37.637399,2021-05-29 19:24:59,1297676.16212724,986,27.294884,941141.18940892,"BTCUSDT"
"124",2021-05-29 19:25:00,34532.93,34539.5,34489.72,34500.74,33.437347,2021-05-29 19:25:59,1153934.60037263,803,18.670577,644346.89205812,"BTCUSDT"
"125",2021-05-29 19:26:00,34500.74,34527.59,34450,34450.01,23.903505,2021-05-29 19:26:59,824244.00607322,662,8.676497,299206.89962212,"BTCUSDT"
"126",2021-05-29 19:27:00,34450,34450.01,34351.21,34360.98,43.548918,2021-05-29 19:27:59,1498442.44855238,906,17.107861,588335.67413897,"BTCUSDT"
"127",2021-05-29 19:28:00,34360.99,34391.86,34339.5,34343.43,16.47307,2021-05-29 19:28:59,566127.50528333,577,6.66518,229061.40743401,"BTCUSDT"
"128",2021-05-29 19:29:00,34345.93,34419.4,34337.96,34391.43,25.224096,2021-05-29 19:29:59,867297.77505952,750,14.92926,513338.76489393,"BTCUSDT"
"129",2021-05-29 19:30:00,34391.36,34447.33,34371.47,34447.31,20.870242,2021-05-29 19:30:59,718452.61749992,670,10.889682,374851.51678048,"BTCUSDT"
"130",2021-05-29 19:31:00,34443.12,34451.13,34411.61,34448.17,21.962697,2021-05-29 19:31:59,756388.48201825,746,13.842545,476745.45873261,"BTCUSDT"
"131",2021-05-29 19:32:00,34448.16,34540.08,34437.17,34527.67,39.905047,2021-05-29 19:32:59,1376663.89664666,1205,26.633493,918813.55304827,"BTCUSDT"
"132",2021-05-29 19:33:00,34527.67,34582.43,34515.58,34572.5,63.643002,2021-05-29 19:33:59,2199026.38796119,1189,31.376159,1084119.38469762,"BTCUSDT"
"133",2021-05-29 19:34:00,34572.5,34572.5,34495.07,34559.64,71.753868,2021-05-29 19:34:59,2478374.69938841,1068,24.103048,832290.2885875,"BTCUSDT"
"134",2021-05-29 19:35:00,34559.64,34567.18,34420.05,34440.08,49.517314,2021-05-29 19:35:59,1707316.04579064,908,14.894195,513460.99049414,"BTCUSDT"
"135",2021-05-29 19:36:00,34440.08,34441.24,34382.99,34400.44,30.746756,2021-05-29 19:36:59,1057949.3616038,819,13.805117,475028.74349503,"BTCUSDT"
"136",2021-05-29 19:37:00,34402.15,34402.16,34350,34351.92,18.550374,2021-05-29 19:37:59,637685.79540042,643,5.88129,202143.7994684,"BTCUSDT"
"137",2021-05-29 19:38:00,34355.06,34395.48,34329.55,34371.85,19.142419,2021-05-29 19:38:59,657608.10320527,712,7.474996,256808.7938216,"BTCUSDT"
"138",2021-05-29 19:39:00,34371.85,34432.38,34358,34432.38,18.480723,2021-05-29 19:39:59,635577.44982165,597,13.496433,464133.56575062,"BTCUSDT"
"139",2021-05-29 19:40:00,34432.38,34495,34410.29,34421.65,38.981527,2021-05-29 19:40:59,1343446.56975275,962,20.65819,712004.52211031,"BTCUSDT"
"140",2021-05-29 19:41:00,34421.65,34421.65,34336.36,34372.93,37.149424,2021-05-29 19:41:59,1276454.72168334,901,16.491633,566612.32673959,"BTCUSDT"
"141",2021-05-29 19:42:00,34372.93,34505.01,34364.27,34458.5,32.509918,2021-05-29 19:42:59,1120164.02277224,861,23.176854,798703.759029,"BTCUSDT"
"142",2021-05-29 19:43:00,34458.51,34495.52,34443.97,34463.56,24.585793,2021-05-29 19:43:59,847415.54205502,626,12.99537,447976.0949768,"BTCUSDT"
"143",2021-05-29 19:44:00,34463.57,34491.53,34429.41,34465.46,19.870773,2021-05-29 19:44:59,684840.44569552,571,11.821277,407448.77771364,"BTCUSDT"
"144",2021-05-29 19:45:00,34465.46,34500,34438.22,34462.8,37.646126,2021-05-29 19:45:59,1298013.51101736,692,19.991139,689295.51975926,"BTCUSDT"
"145",2021-05-29 19:46:00,34473.34,34474.15,34400,34418.82,21.388846,2021-05-29 19:46:59,736247.65127845,680,8.924984,307174.46317144,"BTCUSDT"
"146",2021-05-29 19:47:00,34418.83,34440.53,34380.62,34387.71,20.53316,2021-05-29 19:47:59,706426.42250561,603,8.748668,300986.67043885,"BTCUSDT"
"147",2021-05-29 19:48:00,34387.73,34432.11,34372.85,34384.82,18.339286,2021-05-29 19:48:59,630864.60098681,743,9.187182,316028.49519067,"BTCUSDT"
"148",2021-05-29 19:49:00,34381.9,34404.62,34350.59,34382.21,23.358313,2021-05-29 19:49:59,802874.82588754,696,10.750779,369547.78369573,"BTCUSDT"
"149",2021-05-29 19:50:00,34382.2,34382.21,34330.32,34346.82,17.825226,2021-05-29 19:50:59,612307.82919018,774,9.352136,321236.47902917,"BTCUSDT"
"150",2021-05-29 19:51:00,34346.44,34346.45,34235.93,34253.31,46.718235,2021-05-29 19:51:59,1601908.34719791,1368,11.997369,411239.94747107,"BTCUSDT"
"151",2021-05-29 19:52:00,34257.78,34362.71,34253.31,34311.1,41.622987,2021-05-29 19:52:59,1427605.09662455,948,24.124041,827341.67222587,"BTCUSDT"
"152",2021-05-29 19:53:00,34311.09,34319.99,34261,34270.52,19.586497,2021-05-29 19:53:59,671449.05652865,714,8.849172,303378.30037933,"BTCUSDT"
"153",2021-05-29 19:54:00,34270.52,34283.79,34261.19,34264.05,19.28199,2021-05-29 19:54:59,660783.670053,510,10.163069,348287.96802083,"BTCUSDT"
"154",2021-05-29 19:55:00,34264.05,34343.56,34264.05,34323.29,24.308994,2021-05-29 19:55:59,833813.18235467,748,16.242156,557052.57990099,"BTCUSDT"
"155",2021-05-29 19:56:00,34323.29,34350.05,34316.08,34349.99,14.888158,2021-05-29 19:56:59,511173.82083913,585,8.557659,293817.48932592,"BTCUSDT"
"156",2021-05-29 19:57:00,34350,34360.76,34314.43,34331.87,13.192441,2021-05-29 19:57:59,452972.39942868,504,5.69232,195449.60576128,"BTCUSDT"
"157",2021-05-29 19:58:00,34331.87,34432.11,34331.86,34427.6,27.073188,2021-05-29 19:58:59,930448.14058846,736,16.225389,557719.60733041,"BTCUSDT"
"158",2021-05-29 19:59:00,34422.16,34473.89,34384.17,34467.84,40.494847,2021-05-29 19:59:59,1394342.00271779,957,21.916961,754725.04724341,"BTCUSDT"
"159",2021-05-29 20:00:00,34468.95,34468.95,34332.28,34332.28,38.509861,2021-05-29 20:00:59,1324912.88518266,900,12.719696,437620.18831523,"BTCUSDT"
"160",2021-05-29 20:01:00,34332.28,34332.29,34204.23,34229.19,63.251196,2021-05-29 20:01:59,2166912.29690101,1756,25.323233,867695.23756204,"BTCUSDT"
"161",2021-05-29 20:02:00,34229.18,34275.92,34137.09,34260.6,102.206693,2021-05-29 20:02:59,3495405.20206905,2169,34.86834,1192432.45212866,"BTCUSDT"
"162",2021-05-29 20:03:00,34260.6,34330.79,34247.04,34280.1,58.514347,2021-05-29 20:03:59,2006567.47921397,1182,35.268946,1209528.5824675,"BTCUSDT"
"163",2021-05-29 20:04:00,34280.1,34299.99,34243.73,34258.58,27.872305,2021-05-29 20:04:59,955160.80875183,576,10.245957,351129.97586157,"BTCUSDT"
"164",2021-05-29 20:05:00,34258.59,34412.66,34258.58,34378.25,47.644693,2021-05-29 20:05:59,1636787.92595771,1254,25.925457,890448.31081498,"BTCUSDT"
"165",2021-05-29 20:06:00,34376.54,34400,34293.71,34323.08,23.43745,2021-05-29 20:06:59,804780.61496592,823,9.307838,319619.58767194,"BTCUSDT"
"166",2021-05-29 20:07:00,34330.3,34361.79,34275.01,34288.32,22.369252,2021-05-29 20:07:59,767824.30411171,873,10.257758,352097.41837402,"BTCUSDT"
"167",2021-05-29 20:08:00,34286.83,34354.04,34285.72,34345.84,12.824911,2021-05-29 20:08:59,440156.1540711,567,7.261697,249219.59838859,"BTCUSDT"
"168",2021-05-29 20:09:00,34345.3,34368.42,34331.01,34343.08,13.997867,2021-05-29 20:09:59,480813.32844559,528,6.13499,210752.13476464,"BTCUSDT"
"169",2021-05-29 20:10:00,34343.07,34359.73,34296.74,34308.41,10.994901,2021-05-29 20:10:59,377349.38842611,554,4.121927,141464.16289063,"BTCUSDT"
"170",2021-05-29 20:11:00,34308.41,34309.08,34281,34288.41,13.005402,2021-05-29 20:11:59,446000.24813187,528,6.629737,227338.55145114,"BTCUSDT"
"171",2021-05-29 20:12:00,34288.41,34333.33,34282.38,34333.32,32.422402,2021-05-29 20:12:59,1112032.32868767,666,22.177327,760627.43341192,"BTCUSDT"
"172",2021-05-29 20:13:00,34333.32,34397.07,34333.32,34386.99,25.996523,2021-05-29 20:13:59,893422.0581221,789,16.476838,566209.81227736,"BTCUSDT"
"173",2021-05-29 20:14:00,34386.99,34414.62,34367.01,34384.99,26.373651,2021-05-29 20:14:59,907111.35456517,728,15.210548,523181.34556874,"BTCUSDT"
"174",2021-05-29 20:15:00,34387.99,34444.67,34387.99,34430.99,16.954192,2021-05-29 20:15:59,583525.9395275,665,8.247048,283852.57247984,"BTCUSDT"
"175",2021-05-29 20:16:00,34427.79,34490,34410.29,34474.92,60.877494,2021-05-29 20:16:59,2097775.17006778,809,44.787409,1543207.43243987,"BTCUSDT"
"176",2021-05-29 20:17:00,34476.3,34520,34452.92,34493.24,43.276386,2021-05-29 20:17:59,1492701.61291232,1020,23.604128,814223.76209603,"BTCUSDT"
"177",2021-05-29 20:18:00,34488.36,34508.14,34465.22,34499.72,17.070748,2021-05-29 20:18:59,588760.31488827,553,8.26663,285129.18938812,"BTCUSDT"
"178",2021-05-29 20:19:00,34500.28,34539.02,34487.26,34519.9,26.77832,2021-05-29 20:19:59,924186.02611812,815,13.793546,476048.82915842,"BTCUSDT"
"179",2021-05-29 20:20:00,34519.91,34557.38,34507.78,34550.02,26.262753,2021-05-29 20:20:59,907134.53448607,843,11.568083,399559.4656011,"BTCUSDT"
"180",2021-05-29 20:21:00,34550.02,34557.38,34470,34530.85,200.893184,2021-05-29 20:21:59,6933023.10121956,1190,35.46998,1224233.21219249,"BTCUSDT"
"181",2021-05-29 20:22:00,34530.86,34870,34530.86,34824.58,170.330772,2021-05-29 20:22:59,5916413.5067609,3983,84.799791,2945428.88125518,"BTCUSDT"
"182",2021-05-29 20:23:00,34824.58,35000.21,34821.11,34908,390.207678,2021-05-29 20:23:59,13632067.0502167,5333,178.320452,6231202.19751126,"BTCUSDT"
"183",2021-05-29 20:24:00,34908,34908,34762.8,34825,173.118643,2021-05-29 20:24:59,6028176.9422364,1997,115.013157,4004002.80036948,"BTCUSDT"
"184",2021-05-29 20:25:00,34824.75,34885.65,34780.67,34838.77,77.659765,2021-05-29 20:25:59,2704429.72991304,1301,42.174869,1468967.88880434,"BTCUSDT"
"185",2021-05-29 20:26:00,34847.35,34850.66,34792.97,34850,46.983654,2021-05-29 20:26:59,1636091.5848112,987,24.492645,852937.63120557,"BTCUSDT"
"186",2021-05-29 20:27:00,34850,34850.1,34800,34800,62.270082,2021-05-29 20:27:59,2168905.09660559,849,17.503471,609595.07406815,"BTCUSDT"
"187",2021-05-29 20:28:00,34800,34833,34800,34808.79,29.283083,2021-05-29 20:28:59,1019376.85010204,687,17.307525,602520.69149416,"BTCUSDT"
"188",2021-05-29 20:29:00,34808.78,34870.63,34808.78,34835.08,30.837982,2021-05-29 20:29:59,1074414.23805786,952,15.236867,530868.93595599,"BTCUSDT"
"189",2021-05-29 20:30:00,34835.07,35100,34827.62,34970,323.099967,2021-05-29 20:30:59,11302349.2519104,4303,221.340117,7742118.94467781,"BTCUSDT"
"190",2021-05-29 20:31:00,34966.41,34983.94,34810,34847.76,182.626381,2021-05-29 20:31:59,6369833.2650033,2869,57.923934,2020706.80492469,"BTCUSDT"
"191",2021-05-29 20:32:00,34843.72,34907.16,34820.25,34835.63,73.806858,2021-05-29 20:32:59,2573397.47486425,1664,41.296546,1440037.06722205,"BTCUSDT"
"192",2021-05-29 20:33:00,34835.63,34899.99,34833.01,34852.19,53.295836,2021-05-29 20:33:59,1858054.33916198,991,28.693353,1000349.36864724,"BTCUSDT"
"193",2021-05-29 20:34:00,34852.19,34977.65,34848,34959.11,45.64344,2021-05-29 20:34:59,1592465.09107078,1173,25.752067,898514.68970224,"BTCUSDT"
"194",2021-05-29 20:35:00,34959.2,34972.26,34851.42,34900,68.45907,2021-05-29 20:35:59,2389581.01539421,1237,38.953424,1359747.37753509,"BTCUSDT"
"195",2021-05-29 20:36:00,34899.99,34900.01,34820.25,34850.18,46.222577,2021-05-29 20:36:59,1611521.68564836,1079,13.540571,472126.59682981,"BTCUSDT"
"196",2021-05-29 20:37:00,34850.18,34892.92,34831.62,34857.19,27.530578,2021-05-29 20:37:59,959814.40765834,1062,13.764701,479873.79302789,"BTCUSDT"
"197",2021-05-29 20:38:00,34857.18,34872.16,34800.8,34802.41,70.423541,2021-05-29 20:38:59,2453542.42195357,1189,34.18732,1191319.91136207,"BTCUSDT"
"198",2021-05-29 20:39:00,34802.41,34836.48,34751.5,34772.26,49.65749,2021-05-29 20:39:59,1727232.00298861,1217,22.135923,769956.03830909,"BTCUSDT"
"199",2021-05-29 20:40:00,34773.06,34834.23,34729.67,34740.08,36.172054,2021-05-29 20:40:59,1257928.74270433,1115,17.315915,602362.44297795,"BTCUSDT"
"200",2021-05-29 20:41:00,34733.93,34785.69,34730.25,34758.18,73.666703,2021-05-29 20:41:59,2560638.4115223,832,56.115921,1950509.31972053,"BTCUSDT"
"201",2021-05-29 20:42:00,34758.17,34758.17,34672.06,34672.06,56.689257,2021-05-29 20:42:59,1967809.22111423,1151,26.087587,905576.90659826,"BTCUSDT"
"202",2021-05-29 20:43:00,34672.06,34706.44,34653.07,34653.07,49.52669,2021-05-29 20:43:59,1717271.78907897,1062,32.454179,1125346.44537536,"BTCUSDT"
"203",2021-05-29 20:44:00,34653.07,34740.59,34652.69,34653.51,51.214793,2021-05-29 20:44:59,1776413.13162414,1306,18.737056,649863.54560266,"BTCUSDT"
"204",2021-05-29 20:45:00,34653.52,34754.95,34641.03,34706.66,43.313245,2021-05-29 20:45:59,1502763.21266829,1131,20.865667,724229.89775874,"BTCUSDT"
"205",2021-05-29 20:46:00,34706.66,34711.48,34625.1,34643.21,90.597402,2021-05-29 20:46:59,3138850.11216202,1374,57.968953,2008251.47274516,"BTCUSDT"
"206",2021-05-29 20:47:00,34643.21,34643.21,34560.02,34575.98,47.625829,2021-05-29 20:47:59,1647623.17015532,1385,21.365401,739125.85830543,"BTCUSDT"
"207",2021-05-29 20:48:00,34575.98,34624.3,34545.46,34576.23,21.164128,2021-05-29 20:48:59,731733.09709307,845,11.705089,404660.42976123,"BTCUSDT"
"208",2021-05-29 20:49:00,34572.5,34581.33,34510.8,34519.33,29.467436,2021-05-29 20:49:59,1017758.94104103,910,10.091149,348588.70752644,"BTCUSDT"
"209",2021-05-29 20:50:00,34516.72,34551.95,34511.74,34525.47,33.552562,2021-05-29 20:50:59,1158585.3507952,863,13.586718,469150.42732985,"BTCUSDT"
"210",2021-05-29 20:51:00,34523.46,34545.7,34464.2,34466.4,73.173289,2021-05-29 20:51:59,2525177.27026122,1241,16.773951,578747.46724627,"BTCUSDT"
"211",2021-05-29 20:52:00,34466.41,34600,34463.39,34570.2,58.897412,2021-05-29 20:52:59,2033062.10823532,1138,45.305964,1563904.923496,"BTCUSDT"
"212",2021-05-29 20:53:00,34570.19,34570.2,34471.2,34487.25,48.18768,2021-05-29 20:53:59,1662544.46312413,829,8.945175,308663.61045607,"BTCUSDT"
"213",2021-05-29 20:54:00,34486.5,34639.8,34472.74,34575.49,49.254018,2021-05-29 20:54:59,1701592.83014921,1246,27.92628,964798.63612735,"BTCUSDT"
"214",2021-05-29 20:55:00,34575.75,34614.06,34525,34562.96,55.960725,2021-05-29 20:55:59,1934083.51508047,988,30.493389,1053861.21279861,"BTCUSDT"
"215",2021-05-29 20:56:00,34562.96,34564.93,34532.15,34550.36,35.951972,2021-05-29 20:56:59,1242136.8209125,534,26.517176,916224.76482502,"BTCUSDT"
"216",2021-05-29 20:57:00,34545.63,34588.2,34530.3,34544.11,18.993777,2021-05-29 20:57:59,656377.0496466,532,13.258015,458169.54908356,"BTCUSDT"
"217",2021-05-29 20:58:00,34544.12,34645.14,34544.12,34632.13,45.526006,2021-05-29 20:58:59,1574964.56027862,707,33.243153,1150097.25711533,"BTCUSDT"
"218",2021-05-29 20:59:00,34631.09,34639.47,34553.05,34605.15,28.668078,2021-05-29 20:59:59,991520.24327826,693,12.789048,442364.13253741,"BTCUSDT"
"219",2021-05-29 21:00:00,34605.15,34616.26,34537.72,34586.09,54.377,2021-05-29 21:00:59,1880615.3247303,997,26.885674,930072.06496263,"BTCUSDT"
"220",2021-05-29 21:01:00,34586.09,34595,34493.48,34497.25,41.080415,2021-05-29 21:01:59,1418474.68186777,1091,15.006067,518167.77430346,"BTCUSDT"
"221",2021-05-29 21:02:00,34497.25,34497.25,34306.75,34328.01,102.652226,2021-05-29 21:02:59,3530552.88135545,2682,41.600583,1430607.11997713,"BTCUSDT"
"222",2021-05-29 21:03:00,34322.76,34453.35,34322.76,34373.24,67.699443,2021-05-29 21:03:59,2328311.34679878,1671,35.809217,1231678.32917894,"BTCUSDT"
"223",2021-05-29 21:04:00,34374.3,34380.78,34254.28,34307.53,74.244324,2021-05-29 21:04:59,2546397.72421243,1867,32.836098,1126074.31283459,"BTCUSDT"
"224",2021-05-29 21:05:00,34312.62,34379.79,34288.77,34328.8,80.993383,2021-05-29 21:05:59,2780882.22199698,1410,55.292886,1898635.0500936,"BTCUSDT"
"225",2021-05-29 21:06:00,34328.79,34416.33,34317.98,34350.01,54.935133,2021-05-29 21:06:59,1887403.99860157,1181,32.426472,1113900.80397277,"BTCUSDT"
"226",2021-05-29 21:07:00,34350.01,34453.43,34343.62,34428.63,36.033078,2021-05-29 21:07:59,1239405.28097505,1028,15.661704,538716.05390378,"BTCUSDT"
"227",2021-05-29 21:08:00,34428.2,34456,34393.97,34456,30.115871,2021-05-29 21:08:59,1036763.45577236,783,13.642237,469635.38921228,"BTCUSDT"
"228",2021-05-29 21:09:00,34456,34494.13,34421.47,34477.59,22.817993,2021-05-29 21:09:59,786108.06043134,691,11.824395,407388.77132909,"BTCUSDT"
"229",2021-05-29 21:10:00,34475.04,34502,34382.58,34428.86,29.94584,2021-05-29 21:10:59,1031574.22915781,904,12.469741,429583.63800652,"BTCUSDT"
"230",2021-05-29 21:11:00,34424.51,34424.51,34241.75,34289.12,84.154683,2021-05-29 21:11:59,2886668.83918414,1839,33.492708,1148608.85198292,"BTCUSDT"
"231",2021-05-29 21:12:00,34289.11,34315.24,34262.35,34263.35,129.816641,2021-05-29 21:12:59,4451740.75648501,1385,51.735002,1774087.38168817,"BTCUSDT"
"232",2021-05-29 21:13:00,34263.35,34334.32,34192.23,34204.62,48.725202,2021-05-29 21:13:59,1668852.34536353,1629,19.529171,668955.90222102,"BTCUSDT"
"233",2021-05-29 21:14:00,34204.63,34309.01,34204.61,34226.08,29.886505,2021-05-29 21:14:59,1023745.17315712,1207,11.487433,393516.95892534,"BTCUSDT"
"234",2021-05-29 21:15:00,34226.1,34317,34216.7,34292.84,132.338207,2021-05-29 21:15:59,4536003.70685812,1188,40.658997,1392883.09167945,"BTCUSDT"
"235",2021-05-29 21:16:00,34292.84,34312.13,34252.56,34273.16,45.99478,2021-05-29 21:16:59,1576646.55980843,1102,23.500992,805529.31499133,"BTCUSDT"
"236",2021-05-29 21:17:00,34273.17,34295.79,34100,34119.65,114.583531,2021-05-29 21:17:59,3914571.7575316,2394,49.077224,1676296.74747493,"BTCUSDT"
"237",2021-05-29 21:18:00,34118.42,34187.06,33915,33991.63,304.252236,2021-05-29 21:18:59,10352404.4202749,5398,127.719345,4344737.93898462,"BTCUSDT"
"238",2021-05-29 21:19:00,33993.33,34038.08,33865.11,33936.21,216.496188,2021-05-29 21:19:59,7352175.57914855,3976,130.121618,4420110.23593146,"BTCUSDT"
"239",2021-05-29 21:20:00,33934.08,34011.02,33920.23,33939.51,71.285731,2021-05-29 21:20:59,2420917.94352626,1682,33.988616,1154253.61739797,"BTCUSDT"
"240",2021-05-29 21:21:00,33939.51,33991.7,33918.64,33991.63,72.391585,2021-05-29 21:21:59,2457332.83459882,1381,49.145438,1668104.59217355,"BTCUSDT"
"241",2021-05-29 21:22:00,33991.71,34037.2,33931.18,33953.99,62.345567,2021-05-29 21:22:59,2118514.74131326,1322,33.180439,1127528.33196755,"BTCUSDT"
"242",2021-05-29 21:23:00,33953.99,33953.99,33790.33,33852.72,187.496466,2021-05-29 21:23:59,6347737.49665283,3543,77.97234,2640268.31218684,"BTCUSDT"
"243",2021-05-29 21:24:00,33850.24,33914.72,33781.98,33889.44,180.03915,2021-05-29 21:24:59,6097052.50008678,2217,120.536288,4082977.69570092,"BTCUSDT"
"244",2021-05-29 21:25:00,33889.53,33950,33828.82,33873.07,75.781597,2021-05-29 21:25:59,2567835.79002148,1768,35.764529,1212205.12217334,"BTCUSDT"
"245",2021-05-29 21:26:00,33873.07,33942.89,33858.74,33860,47.64959,2021-05-29 21:26:59,1614839.83977752,1158,24.962152,846026.16418424,"BTCUSDT"
"246",2021-05-29 21:27:00,33860,33890.19,33814.14,33824.65,49.096993,2021-05-29 21:27:59,1662014.77108658,1295,20.41444,691012.5680721,"BTCUSDT"
"247",2021-05-29 21:28:00,33822.88,33895.36,33805.58,33873.03,43.173748,2021-05-29 21:28:59,1461806.62074399,1200,24.223239,820143.85408522,"BTCUSDT"
"248",2021-05-29 21:29:00,33873.02,33925.86,33854.65,33912.78,54.845415,2021-05-29 21:29:59,1858399.46513018,970,38.129098,1291902.16444831,"BTCUSDT"
"249",2021-05-29 21:30:00,33911.08,33981.54,33861,33971.43,72.435903,2021-05-29 21:30:59,2458632.20324867,1211,34.904162,1184516.4563916,"BTCUSDT"
"250",2021-05-29 21:31:00,33973.92,33981.55,33855.82,33899.86,52.481214,2021-05-29 21:31:59,1779352.6836108,1018,26.282342,890913.34440478,"BTCUSDT"
"251",2021-05-29 21:32:00,33899.91,33932.36,33863.28,33894.78,82.577127,2021-05-29 21:32:59,2799169.48846578,1298,45.364557,1537726.74445131,"BTCUSDT"
"252",2021-05-29 21:33:00,33894.78,33908.47,33768.33,33793.33,130.456118,2021-05-29 21:33:59,4410525.78532848,2132,44.305714,1497854.48409546,"BTCUSDT"
"253",2021-05-29 21:34:00,33793.32,33864.76,33787.23,33818.14,97.348196,2021-05-29 21:34:59,3293541.40062696,1406,44.134842,1493173.12525787,"BTCUSDT"
"254",2021-05-29 21:35:00,33819.56,33859.99,33561.14,33572.28,221.554255,2021-05-29 21:35:59,7461474.30991227,5570,53.311419,1797931.37477437,"BTCUSDT"
"255",2021-05-29 21:36:00,33572.25,33652.87,33516.18,33574.84,360.422336,2021-05-29 21:36:59,12106520.8384811,5559,173.10891,5815744.40333082,"BTCUSDT"
"256",2021-05-29 21:37:00,33579.42,33583,33388,33494.18,816.023253,2021-05-29 21:37:59,27316846.0838431,10879,278.954638,9340715.00601782,"BTCUSDT"
"257",2021-05-29 21:38:00,33493.42,33614.07,33460.85,33460.86,150.459374,2021-05-29 21:38:59,5043163.5799419,2838,92.118263,3087394.59733565,"BTCUSDT"
"258",2021-05-29 21:39:00,33460.85,33551.36,33460.85,33491.88,72.621724,2021-05-29 21:39:59,2433226.8851056,1741,33.054722,1107519.44208593,"BTCUSDT"
"259",2021-05-29 21:40:00,33491.88,33619.01,33485.09,33564.4,79.682267,2021-05-29 21:40:59,2674318.43189869,1804,39.222837,1316360.41062994,"BTCUSDT"
"260",2021-05-29 21:41:00,33564.4,33600,33475.01,33488.12,149.774719,2021-05-29 21:41:59,5026600.36575463,1788,62.405727,2094873.24658873,"BTCUSDT"
"261",2021-05-29 21:42:00,33485.81,33572.09,33470.3,33508.11,70.305296,2021-05-29 21:42:59,2356848.93855716,1371,37.143889,1245300.73278037,"BTCUSDT"
"262",2021-05-29 21:43:00,33504.68,33579.3,33475.74,33573.73,77.761152,2021-05-29 21:43:59,2607923.89986463,1266,36.526396,1225061.8262413,"BTCUSDT"
"263",2021-05-29 21:44:00,33574.11,33621.96,33500,33523.37,103.666345,2021-05-29 21:44:59,3479355.37111024,1276,26.26078,881386.84227265,"BTCUSDT"
"264",2021-05-29 21:45:00,33526.91,33628.29,33526.91,33609.68,80.258876,2021-05-29 21:45:59,2696142.82443185,1358,42.198234,1417438.6536107,"BTCUSDT"
"265",2021-05-29 21:46:00,33609.77,33622.65,33543.85,33603.15,74.354562,2021-05-29 21:46:59,2497983.52878048,1042,32.19827,1081737.64889524,"BTCUSDT"
"266",2021-05-29 21:47:00,33606.76,33617.68,33536.5,33548.85,39.45648,2021-05-29 21:47:59,1324692.58919757,891,15.199417,510331.31734961,"BTCUSDT"
"267",2021-05-29 21:48:00,33548.86,33564.94,33379,33509.51,115.362509,2021-05-29 21:48:59,3860097.33806389,2447,45.860984,1534732.30448832,"BTCUSDT"
"268",2021-05-29 21:49:00,33517.03,33702.54,33508.59,33647.06,132.328024,2021-05-29 21:49:59,4449536.43084752,2146,92.237637,3101883.97380246,"BTCUSDT"
"269",2021-05-29 21:50:00,33647.06,33740.34,33616.68,33725.61,61.792502,2021-05-29 21:50:59,2081742.55244156,1470,32.399913,1091609.38772435,"BTCUSDT"
"270",2021-05-29 21:51:00,33720.16,33724.74,33639.07,33703.23,32.21099,2021-05-29 21:51:59,1085039.724075,1010,13.746987,463060.2969497,"BTCUSDT"
"271",2021-05-29 21:52:00,33703.22,33703.25,33662.3,33673.86,46.39339,2021-05-29 21:52:59,1562626.81863368,899,27.450542,924614.28681302,"BTCUSDT"
"272",2021-05-29 21:53:00,33673.86,33700,33655.79,33676.22,45.067871,2021-05-29 21:53:59,1517771.11786659,961,18.469935,622057.19992757,"BTCUSDT"
"273",2021-05-29 21:54:00,33675.07,33721.75,33665.91,33687.6,42.54753,2021-05-29 21:54:59,1433741.6685312,815,21.741206,732547.14888937,"BTCUSDT"
"274",2021-05-29 21:55:00,33683.64,33776.02,33679.82,33765.23,47.290435,2021-05-29 21:55:59,1594922.24171266,1088,25.768288,869045.59758376,"BTCUSDT"
"275",2021-05-29 21:56:00,33773.23,33828.01,33719.3,33819.59,67.737683,2021-05-29 21:56:59,2288001.58385214,1522,29.053676,981410.45509605,"BTCUSDT"
"276",2021-05-29 21:57:00,33819.59,33841.28,33748.13,33791.02,103.688294,2021-05-29 21:57:59,3504483.46153902,1428,52.377495,1770257.76063457,"BTCUSDT"
"277",2021-05-29 21:58:00,33791.02,33818.59,33762.2,33785.97,41.458382,2021-05-29 21:58:59,1401083.45900155,978,21.213513,716869.04600306,"BTCUSDT"
"278",2021-05-29 21:59:00,33787.86,33871.39,33750,33855.95,48.234643,2021-05-29 21:59:59,1631269.10424542,1194,24.967535,844346.00121404,"BTCUSDT"
"279",2021-05-29 22:00:00,33849.25,33996.24,33826.38,33939.31,127.690309,2021-05-29 22:00:59,4331928.02865566,2517,94.306625,3199454.76148808,"BTCUSDT"
"280",2021-05-29 22:01:00,33939.3,33985.88,33887.8,33964.01,56.568515,2021-05-29 22:01:59,1919474.87826179,1518,29.397778,997522.50048963,"BTCUSDT"
"281",2021-05-29 22:02:00,33964,33981.35,33892.31,33932,84.191393,2021-05-29 22:02:59,2857408.7094113,1434,48.07297,1631510.21778367,"BTCUSDT"
"282",2021-05-29 22:03:00,33932,33997.05,33909.49,33980.79,34.483213,2021-05-29 22:03:59,1170909.10348451,857,15.314343,520119.72595007,"BTCUSDT"
"283",2021-05-29 22:04:00,33981.97,34071.41,33969.68,34007.15,92.052229,2021-05-29 22:04:59,3132446.54839102,1927,54.533841,1855738.59193541,"BTCUSDT"
"284",2021-05-29 22:05:00,34009.41,34020.15,33892.2,33892.2,41.576915,2021-05-29 22:05:59,1411796.09419148,1179,20.399298,692752.13607051,"BTCUSDT"
"285",2021-05-29 22:06:00,33892.19,33924.87,33846.3,33890.69,46.093904,2021-05-29 22:06:59,1561904.74511938,1112,27.817958,942543.08750299,"BTCUSDT"
"286",2021-05-29 22:07:00,33894.12,33894.12,33831.32,33842.96,48.311556,2021-05-29 22:07:59,1636193.24460077,1058,16.745034,567026.25957378,"BTCUSDT"
"287",2021-05-29 22:08:00,33842.57,33867.75,33744.7,33760.85,53.133098,2021-05-29 22:08:59,1796763.61949585,1475,23.44376,792947.9741809,"BTCUSDT"
"288",2021-05-29 22:09:00,33761.84,33787.25,33744.57,33751.14,34.815461,2021-05-29 22:09:59,1175562.82375188,878,16.849741,568936.0884185,"BTCUSDT"
"289",2021-05-29 22:10:00,33749.43,33839.05,33749.43,33798.87,33.065884,2021-05-29 22:10:59,1117662.23692512,786,17.329837,585638.3812052,"BTCUSDT"
"290",2021-05-29 22:11:00,33803.19,33846.23,33799.29,33839.99,38.594504,2021-05-29 22:11:59,1305538.94303777,726,26.087187,882427.05339321,"BTCUSDT"
"291",2021-05-29 22:12:00,33840,33844.24,33704.51,33747.19,74.572461,2021-05-29 22:12:59,2516526.83311906,1154,11.314691,381868.70259371,"BTCUSDT"
"292",2021-05-29 22:13:00,33747.19,33784.34,33707.22,33736.24,36.958963,2021-05-29 22:13:59,1247261.41059619,943,21.143881,713439.69819659,"BTCUSDT"
"293",2021-05-29 22:14:00,33739.75,33816.19,33739.75,33800.1,31.0504,2021-05-29 22:14:59,1048999.26624334,673,18.299907,618300.88545075,"BTCUSDT"
"294",2021-05-29 22:15:00,33800.09,33896,33800,33896,32.650041,2021-05-29 22:15:59,1104913.17515255,841,15.162636,513162.58773178,"BTCUSDT"
"295",2021-05-29 22:16:00,33895.99,33928.8,33846.23,33846.23,43.709753,2021-05-29 22:16:59,1481634.55929374,891,23.2445,788057.58805729,"BTCUSDT"
"296",2021-05-29 22:17:00,33843.8,33862.43,33738.33,33741.14,38.596199,2021-05-29 22:17:59,1303820.3726317,997,18.105638,611632.83778627,"BTCUSDT"
"297",2021-05-29 22:18:00,33740.19,33843.61,33736.82,33813.86,36.746135,2021-05-29 22:18:59,1241784.43112824,888,20.78439,702409.53944565,"BTCUSDT"
"298",2021-05-29 22:19:00,33813.87,33870.29,33807.6,33848.4,27.386588,2021-05-29 22:19:59,926754.8333985,770,13.597033,460156.73856448,"BTCUSDT"
"299",2021-05-29 22:20:00,33848.74,33852.3,33758.62,33771.78,30.808341,2021-05-29 22:20:59,1041044.91189357,704,13.756009,464841.91193723,"BTCUSDT"
"300",2021-05-29 22:21:00,33771.78,33819.99,33762.97,33809.01,31.929531,2021-05-29 22:21:59,1078930.12560187,800,17.910329,605159.45624275,"BTCUSDT"
"301",2021-05-29 22:22:00,33809,33860.72,33779.19,33819.28,34.017822,2021-05-29 22:22:59,1150575.29408008,824,12.303213,416100.56384713,"BTCUSDT"
"302",2021-05-29 22:23:00,33821.96,33853.33,33800,33828.59,33.055304,2021-05-29 22:23:59,1118267.86473722,1739,20.35528,688622.72421874,"BTCUSDT"
"303",2021-05-29 22:24:00,33830.99,33830.99,33763.94,33818.03,27.689485,2021-05-29 22:24:59,935849.47949999,859,11.901384,402236.77336429,"BTCUSDT"
"304",2021-05-29 22:25:00,33819.06,33820.96,33742.3,33759.84,61.183504,2021-05-29 22:25:59,2066169.46207806,1037,20.388779,688652.98840811,"BTCUSDT"
"305",2021-05-29 22:26:00,33759.84,33769.06,33659.29,33687.59,69.342066,2021-05-29 22:26:59,2337975.51029995,1597,23.020427,776299.99608066,"BTCUSDT"
"306",2021-05-29 22:27:00,33687.59,33689.44,33500,33606.01,144.489406,2021-05-29 22:27:59,4854993.30250499,2784,53.826395,1808976.12790891,"BTCUSDT"
"307",2021-05-29 22:28:00,33606.01,33673.43,33600,33666,57.739853,2021-05-29 22:28:59,1942245.96029828,1340,32.426014,1090703.73457255,"BTCUSDT"
"308",2021-05-29 22:29:00,33667.7,33748.22,33665.46,33730.87,43.566146,2021-05-29 22:29:59,1468730.32599582,1036,19.780813,666787.38870781,"BTCUSDT"
"309",2021-05-29 22:30:00,33736.73,33776.03,33668.5,33688.97,52.110956,2021-05-29 22:30:59,1756903.22124849,1108,19.774403,666783.97992041,"BTCUSDT"
"310",2021-05-29 22:31:00,33691.94,33741.03,33629.47,33727.87,56.001026,2021-05-29 22:31:59,1885951.7809684,1391,30.866473,1039488.92167424,"BTCUSDT"
"311",2021-05-29 22:32:00,33727.02,33754.57,33703.97,33750,37.250169,2021-05-29 22:32:59,1256222.30731206,887,19.246287,649056.42596432,"BTCUSDT"
"312",2021-05-29 22:33:00,33750.09,33786.31,33676.23,33705.99,33.959904,2021-05-29 22:33:59,1145759.1934671,870,16.314034,550457.67253584,"BTCUSDT"
"313",2021-05-29 22:34:00,33706,33770,33704.35,33756.21,37.334093,2021-05-29 22:34:59,1259891.90092245,812,20.643037,696650.11197505,"BTCUSDT"
"314",2021-05-29 22:35:00,33754.69,33820.52,33746.96,33820.52,44.551023,2021-05-29 22:35:59,1505123.78599694,876,27.808272,939565.31709902,"BTCUSDT"
"315",2021-05-29 22:36:00,33820.52,33853.19,33796.61,33830.26,36.562722,2021-05-29 22:36:59,1237023.70073425,922,20.048834,678377.20418068,"BTCUSDT"
"316",2021-05-29 22:37:00,33830.25,33830.25,33755.24,33757.22,26.934016,2021-05-29 22:37:59,910127.08599226,676,12.269557,414605.9131605,"BTCUSDT"
"317",2021-05-29 22:38:00,33756.37,33794.91,33725.92,33783.94,49.378778,2021-05-29 22:38:59,1667287.90283454,983,28.780795,971966.72130099,"BTCUSDT"
"318",2021-05-29 22:39:00,33780.64,33830.01,33756.17,33812.01,31.677356,2021-05-29 22:39:59,1070627.49748586,731,16.009012,541111.69241468,"BTCUSDT"
"319",2021-05-29 22:40:00,33812,33835.45,33757.4,33765.1,19.496521,2021-05-29 22:40:59,659202.7906722,572,8.88697,300486.77363337,"BTCUSDT"
"320",2021-05-29 22:41:00,33765.25,33791.28,33692.35,33695.28,38.070526,2021-05-29 22:41:59,1284715.68076133,748,8.683641,292981.88801665,"BTCUSDT"
"321",2021-05-29 22:42:00,33692.96,33800.86,33664.92,33781.82,41.987159,2021-05-29 22:42:59,1415885.49972574,1081,23.827684,803554.42442535,"BTCUSDT"
"322",2021-05-29 22:43:00,33781.82,33850,33769.92,33792.09,49.16262,2021-05-29 22:43:59,1662754.68183774,1151,17.806046,602213.61270973,"BTCUSDT"
"323",2021-05-29 22:44:00,33792.08,33803.97,33748.61,33761.93,25.910483,2021-05-29 22:44:59,875096.64677514,632,17.089872,577144.36559698,"BTCUSDT"
"324",2021-05-29 22:45:00,33761.93,33855.84,33761.93,33834.51,48.336974,2021-05-29 22:45:59,1635248.55156126,993,32.974717,1115624.07892987,"BTCUSDT"
"325",2021-05-29 22:46:00,33833.09,33926.65,33827.38,33891.38,50.540823,2021-05-29 22:46:59,1711908.85273995,1153,29.501986,999251.17773021,"BTCUSDT"
"326",2021-05-29 22:47:00,33891.38,33914,33861.41,33861.42,39.752642,2021-05-29 22:47:59,1347139.97392497,839,19.682877,666980.12680573,"BTCUSDT"
"327",2021-05-29 22:48:00,33861.41,33906.85,33834.45,33850.57,31.938159,2021-05-29 22:48:59,1081785.39958948,724,14.484579,490504.24663156,"BTCUSDT"
"328",2021-05-29 22:49:00,33850.57,33862.39,33823.34,33823.35,37.915746,2021-05-29 22:49:59,1283200.19512196,712,22.847417,773252.78981199,"BTCUSDT"
"329",2021-05-29 22:50:00,33826.51,33876.65,33821.67,33855.57,19.17017,2021-05-29 22:50:59,648879.16529407,531,10.412863,352460.65385783,"BTCUSDT"
"330",2021-05-29 22:51:00,33855.56,33936.61,33850.58,33921.97,37.234991,2021-05-29 22:51:59,1262328.51931346,731,19.08143,646896.81272636,"BTCUSDT"
"331",2021-05-29 22:52:00,33921.96,33938.47,33888,33907.66,89.553928,2021-05-29 22:52:59,3036873.10014809,811,54.838428,1859499.27714452,"BTCUSDT"
"332",2021-05-29 22:53:00,33907.56,33911.49,33871.54,33900,23.285634,2021-05-29 22:53:59,789226.82498968,444,11.520675,390430.24850247,"BTCUSDT"
"333",2021-05-29 22:54:00,33900,33944,33872.69,33925.33,30.357402,2021-05-29 22:54:59,1029387.58447253,656,17.383492,589478.38077771,"BTCUSDT"
"334",2021-05-29 22:55:00,33925.25,33967.81,33896.49,33944.2,66.493874,2021-05-29 22:55:59,2257302.51146038,776,31.579422,1072028.67898228,"BTCUSDT"
"335",2021-05-29 22:56:00,33940.62,33946.45,33900.56,33917.21,16.13207,2021-05-29 22:56:59,547202.56797195,514,5.78854,196351.51352188,"BTCUSDT"
"336",2021-05-29 22:57:00,33918.92,33920.63,33881.68,33887.72,16.044216,2021-05-29 22:57:59,543951.61185928,468,8.351919,283169.17370907,"BTCUSDT"
"337",2021-05-29 22:58:00,33887.01,33940.73,33875.6,33883.12,27.180284,2021-05-29 22:58:59,921608.77258335,573,11.872025,402568.70041259,"BTCUSDT"
"338",2021-05-29 22:59:00,33885.94,33936.7,33883.09,33897.89,33.182391,2021-05-29 22:59:59,1125283.82346044,515,19.050788,646146.24952068,"BTCUSDT"
"339",2021-05-29 23:00:00,33896.76,33907.15,33843.09,33884.13,54.752699,2021-05-29 23:00:59,1855174.34337676,715,15.35336,520126.08622418,"BTCUSDT"
"340",2021-05-29 23:01:00,33883.27,33885.77,33833.65,33836.04,43.104185,2021-05-29 23:01:59,1459138.07513512,811,21.0083,711157.11035455,"BTCUSDT"
"341",2021-05-29 23:02:00,33836.04,33880.99,33836.03,33853.31,20.821919,2021-05-29 23:02:59,704959.84980494,599,6.183388,209346.73794958,"BTCUSDT"
"342",2021-05-29 23:03:00,33853.31,33859.2,33828.62,33833.67,22.525884,2021-05-29 23:03:59,762306.41623843,543,12.457141,421587.15322254,"BTCUSDT"
"343",2021-05-29 23:04:00,33833.67,33840.7,33785.21,33810.96,42.241117,2021-05-29 23:04:59,1428430.23418121,916,16.063198,543098.15812775,"BTCUSDT"
"344",2021-05-29 23:05:00,33810.96,33988.43,33810.95,33975.91,60.906754,2021-05-29 23:05:59,2066000.27051392,1619,39.187461,1329516.04852414,"BTCUSDT"
"345",2021-05-29 23:06:00,33977.75,33985.91,33938.57,33950.01,39.864663,2021-05-29 23:06:59,1354020.21311283,928,22.063848,749439.96205331,"BTCUSDT"
"346",2021-05-29 23:07:00,33950.01,34030.8,33910.03,34011.52,46.842177,2021-05-29 23:07:59,1591443.71992176,1148,31.329872,1064386.94519848,"BTCUSDT"
"347",2021-05-29 23:08:00,34010.42,34091.46,33990.17,34000.59,39.052378,2021-05-29 23:08:59,1329294.06747668,1266,20.859828,709964.61822017,"BTCUSDT"
"348",2021-05-29 23:09:00,34000.58,34019.99,33949.67,34002.81,26.538109,2021-05-29 23:09:59,901833.05710602,778,14.556771,494639.18835191,"BTCUSDT"
"349",2021-05-29 23:10:00,34002.81,34062.28,33993.06,34029.92,52.695107,2021-05-29 23:10:59,1793163.40868032,988,37.143951,1263936.77411771,"BTCUSDT"
"350",2021-05-29 23:11:00,34029.92,34032.16,33994.63,34015.53,37.389289,2021-05-29 23:11:59,1271738.8396303,672,22.379371,761226.68479703,"BTCUSDT"
"351",2021-05-29 23:12:00,34006.16,34050,33991,34017.39,25.048585,2021-05-29 23:12:59,851993.35136476,524,9.20718,313190.77149637,"BTCUSDT"
"352",2021-05-29 23:13:00,34017.39,34017.39,33977.66,33984.23,20.253229,2021-05-29 23:13:59,688494.14933323,500,5.915201,201088.89136952,"BTCUSDT"
"353",2021-05-29 23:14:00,33984.23,34020,33984.22,34004.78,19.960837,2021-05-29 23:14:59,678717.46133454,448,9.32748,317166.70568932,"BTCUSDT"
"354",2021-05-29 23:15:00,34004.79,34099.99,34000.55,34088.01,40.749434,2021-05-29 23:15:59,1387414.71257105,845,24.263318,826052.25327626,"BTCUSDT"
"355",2021-05-29 23:16:00,34091.6,34180,34091.59,34137.31,92.523022,2021-05-29 23:16:59,3158125.67335199,1845,49.244601,1680844.083071,"BTCUSDT"
"356",2021-05-29 23:17:00,34137.31,34164.12,34107.59,34155.48,67.881504,2021-05-29 23:17:59,2317167.57183944,971,30.672416,1047049.41634649,"BTCUSDT"
"357",2021-05-29 23:18:00,34155.48,34170.81,34128.09,34150.31,34.561969,2021-05-29 23:18:59,1180362.39070384,837,15.646728,534404.0183687,"BTCUSDT"
"358",2021-05-29 23:19:00,34147.36,34256,34133.5,34225.45,77.939395,2021-05-29 23:19:59,2665839.64160672,1848,51.801513,1771807.9927083,"BTCUSDT"
"359",2021-05-29 23:20:00,34225.44,34368,34219.64,34360,125.561096,2021-05-29 23:20:59,4307984.08488637,2281,79.580392,2729641.61900542,"BTCUSDT"
"360",2021-05-29 23:21:00,34364.73,34365.05,34301.26,34339.41,52.303663,2021-05-29 23:21:59,1795936.77837802,1160,27.275997,936569.4878625,"BTCUSDT"
"361",2021-05-29 23:22:00,34339.41,34345.89,34264.2,34271.59,66.343499,2021-05-29 23:22:59,2275875.39466514,1189,25.323738,868645.11687752,"BTCUSDT"
"362",2021-05-29 23:23:00,34269.83,34300,34240,34257.81,58.822609,2021-05-29 23:23:59,2016574.23558139,1109,34.499302,1182867.23369504,"BTCUSDT"
"363",2021-05-29 23:24:00,34257.8,34293.74,34242.47,34242.47,39.361832,2021-05-29 23:24:59,1348773.52989563,814,20.000034,685306.86774441,"BTCUSDT"
"364",2021-05-29 23:25:00,34242.48,34288.13,34242.47,34268.17,27.600035,2021-05-29 23:25:59,945621.47450623,590,9.576783,328117.83811366,"BTCUSDT"
"365",2021-05-29 23:26:00,34268.12,34328.07,34243.82,34328.07,52.730757,2021-05-29 23:26:59,1808137.16432314,860,38.794602,1330286.65643816,"BTCUSDT"
"366",2021-05-29 23:27:00,34328.08,34400,34294.26,34343.98,117.630361,2021-05-29 23:27:59,4040491.41148726,1574,66.164286,2272369.02145561,"BTCUSDT"
"367",2021-05-29 23:28:00,34346.11,34367.78,34301.47,34365.66,23.642603,2021-05-29 23:28:59,811633.3389687,658,9.203114,315955.54680739,"BTCUSDT"
"368",2021-05-29 23:29:00,34365.64,34365.67,34299.33,34329.02,26.354904,2021-05-29 23:29:59,904759.01524222,753,11.765998,403922.87767147,"BTCUSDT"
"369",2021-05-29 23:30:00,34329.01,34329.01,34261.16,34312.56,23.90358,2021-05-29 23:30:59,819607.18511801,783,10.579153,362683.57404398,"BTCUSDT"
"370",2021-05-29 23:31:00,34312.56,34488.78,34312.56,34439.38,108.86129,2021-05-29 23:31:59,3744564.00099086,1988,76.269163,2623157.88883784,"BTCUSDT"
"371",2021-05-29 23:32:00,34438.96,34467.39,34415.39,34466.94,29.402228,2021-05-29 23:32:59,1012495.78397711,885,17.677536,608749.5558026,"BTCUSDT"
"372",2021-05-29 23:33:00,34467.42,34488.84,34411.4,34430.78,32.277312,2021-05-29 23:33:59,1111912.27962908,997,15.068679,519115.39372637,"BTCUSDT"
"373",2021-05-29 23:34:00,34426.9,34449.96,34386.33,34418.6,35.444911,2021-05-29 23:34:59,1220035.96523208,920,16.575658,570525.39777225,"BTCUSDT"
"374",2021-05-29 23:35:00,34418.6,34429.55,34378.65,34402.74,42.088605,2021-05-29 23:35:59,1448145.82367223,790,12.372185,425654.83791778,"BTCUSDT"
"375",2021-05-29 23:36:00,34402.74,34427.12,34384.74,34407.77,24.259872,2021-05-29 23:36:59,834614.79685804,582,9.480469,326159.98174716,"BTCUSDT"
"376",2021-05-29 23:37:00,34407.78,34426.57,34389.8,34409.23,26.190202,2021-05-29 23:37:59,901156.06018193,568,10.505392,361490.00308348,"BTCUSDT"
"377",2021-05-29 23:38:00,34409.23,34424.5,34369.43,34379.07,31.719552,2021-05-29 23:38:59,1090872.89509323,557,14.151642,486700.15962682,"BTCUSDT"
"378",2021-05-29 23:39:00,34380.03,34415.3,34355.1,34386.24,23.91078,2021-05-29 23:39:59,822045.99037839,641,12.953968,445342.7443281,"BTCUSDT"
"379",2021-05-29 23:40:00,34386.24,34421.45,34380.54,34403.25,13.11286,2021-05-29 23:40:59,451112.1758256,476,5.392438,185510.58157331,"BTCUSDT"
"380",2021-05-29 23:41:00,34403.25,34468.88,34389.44,34442.44,55.515376,2021-05-29 23:41:59,1911921.47719775,772,33.150337,1141723.85945502,"BTCUSDT"
"381",2021-05-29 23:42:00,34442.45,34446.99,34411.26,34416.46,20.499338,2021-05-29 23:42:59,705834.49076749,405,6.727468,231640.11419673,"BTCUSDT"
"382",2021-05-29 23:43:00,34416.47,34449.66,34401.01,34417.73,19.289058,2021-05-29 23:43:59,663972.33729524,542,8.173494,281341.00839198,"BTCUSDT"
"383",2021-05-29 23:44:00,34419.02,34545,34408.25,34484.94,102.32704,2021-05-29 23:44:59,3529064.02158359,2037,73.734036,2542781.37567981,"BTCUSDT"
"384",2021-05-29 23:45:00,34481.9,34481.9,34424.32,34445.68,23.881475,2021-05-29 23:45:59,822663.38906908,761,11.96636,412218.28645561,"BTCUSDT"
"385",2021-05-29 23:46:00,34442.04,34442.04,34403.71,34428.12,17.378052,2021-05-29 23:46:59,598194.82679174,534,7.66138,263707.72218786,"BTCUSDT"
"386",2021-05-29 23:47:00,34428.13,34488.63,34428.13,34466.43,34.312026,2021-05-29 23:47:59,1182358.41271497,728,21.542297,742309.54043786,"BTCUSDT"
"387",2021-05-29 23:48:00,34466.43,34489.02,34451.79,34483.78,21.016422,2021-05-29 23:48:59,724426.54176199,719,9.488004,327048.41968491,"BTCUSDT"
"388",2021-05-29 23:49:00,34485.8,34485.8,34429.97,34439.47,28.524965,2021-05-29 23:49:59,982629.48205137,671,7.363762,253664.99295414,"BTCUSDT"
"389",2021-05-29 23:50:00,34439.47,34481.04,34439.33,34460.64,23.538548,2021-05-29 23:50:59,811075.97797479,498,7.451378,256777.97290474,"BTCUSDT"
"390",2021-05-29 23:51:00,34460.65,34490,34455.59,34482.25,29.16685,2021-05-29 23:51:59,1005268.26943367,489,19.827236,683383.09964382,"BTCUSDT"
"391",2021-05-29 23:52:00,34482.25,34659.1,34470.91,34620.23,116.567966,2021-05-29 23:52:59,4029541.67413033,2177,83.497003,2885614.57054956,"BTCUSDT"
"392",2021-05-29 23:53:00,34620.23,34620.23,34510.91,34537.21,40.570213,2021-05-29 23:53:59,1401705.51802204,1091,20.771935,717798.88428019,"BTCUSDT"
"393",2021-05-29 23:54:00,34536.45,34563.93,34465.81,34487.69,66.190672,2021-05-29 23:54:59,2283500.80323972,1015,39.025253,1346364.81822884,"BTCUSDT"
"394",2021-05-29 23:55:00,34489.24,34489.24,34435.15,34449.82,46.483235,2021-05-29 23:55:59,1601661.62242745,785,13.659199,470633.51797848,"BTCUSDT"
"395",2021-05-29 23:56:00,34449.81,34485.18,34425.64,34477.13,31.42906,2021-05-29 23:56:59,1082979.38021425,654,7.823344,269569.98904281,"BTCUSDT"
"396",2021-05-29 23:57:00,34477.13,34527.95,34467.36,34483.26,10.922152,2021-05-29 23:57:59,376781.37964441,503,6.090081,210088.77783592,"BTCUSDT"
"397",2021-05-29 23:58:00,34483.27,34542.97,34477.35,34513.85,35.194251,2021-05-29 23:58:59,1214679.67528648,685,21.837008,753658.82345201,"BTCUSDT"
"398",2021-05-29 23:59:00,34513.86,34567.88,34501.02,34531.04,28.628665,2021-05-29 23:59:59,988599.31689853,709,17.906087,618347.34246673,"BTCUSDT"
"399",2021-05-30 00:00:00,34531.05,34588.13,34527.89,34551.54,40.802891,2021-05-30 00:00:59,1410013.66050909,918,29.279292,1011860.59369939,"BTCUSDT"
"400",2021-05-30 00:01:00,34554.33,34661.37,34553.18,34641.26,56.738511,2021-05-30 00:01:59,1964333.67973392,1313,32.226228,1115466.83196859,"BTCUSDT"
"401",2021-05-30 00:02:00,34641.25,34648.44,34553.76,34567.66,40.757248,2021-05-30 00:02:59,1410016.29165275,1127,14.740871,510064.74286185,"BTCUSDT"
"402",2021-05-30 00:03:00,34567.66,34570.82,34503.88,34537.14,21.80577,2021-05-30 00:03:59,753105.29335857,769,11.716401,404596.45559074,"BTCUSDT"
"403",2021-05-30 00:04:00,34537.02,34574.54,34514.85,34552.34,19.837576,2021-05-30 00:04:59,685394.99106735,575,9.788119,338185.87718909,"BTCUSDT"
"404",2021-05-30 00:05:00,34553.9,34600,34548.03,34560.08,25.156537,2021-05-30 00:05:59,869611.5982061,661,10.53256,364068.72197141,"BTCUSDT"
"405",2021-05-30 00:06:00,34559.77,34581.06,34529.12,34572.61,22.764229,2021-05-30 00:06:59,786677.86107904,542,10.707064,369999.45489555,"BTCUSDT"
"406",2021-05-30 00:07:00,34572.6,34618.87,34570.87,34595.8,21.413743,2021-05-30 00:07:59,740758.70033181,620,11.662977,403432.59790776,"BTCUSDT"
"407",2021-05-30 00:08:00,34595.8,34618.85,34566.59,34566.6,20.955226,2021-05-30 00:08:59,724885.51897751,604,10.018211,346536.30218455,"BTCUSDT"
"408",2021-05-30 00:09:00,34566.6,34594.99,34539.77,34582.09,20.90723,2021-05-30 00:09:59,722780.19218505,584,8.974953,310289.86885684,"BTCUSDT"
"409",2021-05-30 00:10:00,34582.09,34618,34576.65,34590,37.834029,2021-05-30 00:10:59,1309199.66079228,716,23.55701,815185.45540483,"BTCUSDT"
"410",2021-05-30 00:11:00,34590.01,34641.13,34590,34619.79,46.97702,2021-05-30 00:11:59,1625955.05366659,1073,25.805372,893079.51884704,"BTCUSDT"
"411",2021-05-30 00:12:00,34619.78,34700,34619.78,34672.94,103.852633,2021-05-30 00:12:59,3601736.51530845,1507,69.583877,2413621.22501796,"BTCUSDT"
"412",2021-05-30 00:13:00,34672.93,34699.97,34635.66,34672.97,47.230908,2021-05-30 00:13:59,1637522.81743774,1030,18.046502,625667.6857308,"BTCUSDT"
"413",2021-05-30 00:14:00,34672.97,34672.97,34626.56,34654.24,46.03924,2021-05-30 00:14:59,1595047.98839366,1011,18.904198,654982.42696196,"BTCUSDT"
"414",2021-05-30 00:15:00,34654.24,34792.05,34654.24,34718.07,169.619782,2021-05-30 00:15:59,5890070.3427366,2799,130.482211,4530100.47077005,"BTCUSDT"
"415",2021-05-30 00:16:00,34718.06,34747.05,34684.43,34694.2,32.560948,2021-05-30 00:16:59,1130163.52550373,1051,15.778693,547710.74752091,"BTCUSDT"
"416",2021-05-30 00:17:00,34692.47,34715.03,34675,34709.97,34.643005,2021-05-30 00:17:59,1201880.67713063,894,21.240521,736960.38903396,"BTCUSDT"
"417",2021-05-30 00:18:00,34709.97,34731.01,34686.86,34722.66,35.807876,2021-05-30 00:18:59,1242851.70593425,796,12.249379,425179.62167706,"BTCUSDT"
"418",2021-05-30 00:19:00,34722.66,34769.99,34709.11,34747.44,45.322367,2021-05-30 00:19:59,1574649.47693588,1038,19.726294,685380.42411755,"BTCUSDT"
"419",2021-05-30 00:20:00,34746.97,34787.06,34737.79,34737.81,42.489825,2021-05-30 00:20:59,1477176.55499767,1209,18.191143,632411.05479669,"BTCUSDT"
"420",2021-05-30 00:21:00,34738.85,34740.58,34683,34689.33,26.926065,2021-05-30 00:21:59,934508.07640228,824,9.756006,338544.20760654,"BTCUSDT"
"421",2021-05-30 00:22:00,34689.32,34689.33,34654.18,34669.88,26.99862,2021-05-30 00:22:59,936107.21985701,631,12.169775,421952.7501319,"BTCUSDT"
"422",2021-05-30 00:23:00,34669.27,34699.99,34658.7,34675.18,24.505761,2021-05-30 00:23:59,849699.3212001,669,12.164004,421772.24654175,"BTCUSDT"
"423",2021-05-30 00:24:00,34675.19,34682.85,34633.48,34642,26.214508,2021-05-30 00:24:59,908676.71799673,657,7.222678,250347.65307707,"BTCUSDT"
"424",2021-05-30 00:25:00,34644.27,34675.15,34576.93,34603.73,98.622224,2021-05-30 00:25:59,3413634.4754954,1363,27.080022,937203.58485018,"BTCUSDT"
"425",2021-05-30 00:26:00,34607.5,34612.86,34515.36,34551.51,66.312273,2021-05-30 00:26:59,2291687.75797757,1154,36.936294,1276359.59130612,"BTCUSDT"
"426",2021-05-30 00:27:00,34551.52,34579.88,34531.97,34539.99,44.910762,2021-05-30 00:27:59,1551910.6026308,997,20.126068,695477.85062074,"BTCUSDT"
"427",2021-05-30 00:28:00,34540,34546,34496.74,34496.74,42.591993,2021-05-30 00:28:59,1470268.02891935,902,21.193425,731691.39665613,"BTCUSDT"
"428",2021-05-30 00:29:00,34496.74,34546,34495.84,34535.4,53.149467,2021-05-30 00:29:59,1835100.75069042,796,35.280856,1218234.94458945,"BTCUSDT"
"429",2021-05-30 00:30:00,34535.39,34569.96,34532.69,34558.52,55.575125,2021-05-30 00:30:59,1920461.10515589,960,38.68465,1336742.24713678,"BTCUSDT"
"430",2021-05-30 00:31:00,34558.53,34561.51,34503.27,34509.33,41.6273,2021-05-30 00:31:59,1437697.22388818,878,13.840346,477893.24066539,"BTCUSDT"
"431",2021-05-30 00:32:00,34509.34,34524.19,34458.45,34469.31,37.114317,2021-05-30 00:32:59,1280301.52775624,845,15.511148,535062.15483941,"BTCUSDT"
"432",2021-05-30 00:33:00,34472.78,34474.91,34400,34400,47.960385,2021-05-30 00:33:59,1651739.53351094,1431,15.916225,548152.87658777,"BTCUSDT"
"433",2021-05-30 00:34:00,34405.11,34427.81,34360.48,34367.5,39.45081,2021-05-30 00:34:59,1356920.44267888,1110,17.982931,618670.02362466,"BTCUSDT"
"434",2021-05-30 00:35:00,34367.5,34427.48,34362.63,34409.22,43.096232,2021-05-30 00:35:59,1482484.08907822,982,27.166187,934433.58694264,"BTCUSDT"
"435",2021-05-30 00:36:00,34409.22,34480.6,34404.18,34463.7,26.857033,2021-05-30 00:36:59,925276.48584051,835,16.152009,556401.94179006,"BTCUSDT"
"436",2021-05-30 00:37:00,34463.7,34471.09,34411.75,34461.25,31.858013,2021-05-30 00:37:59,1097254.39882448,759,14.004344,482305.4436186,"BTCUSDT"
"437",2021-05-30 00:38:00,34459.53,34530,34454.11,34516.36,28.814904,2021-05-30 00:38:59,993967.97410446,862,17.277926,595992.23497138,"BTCUSDT"
"438",2021-05-30 00:39:00,34515.3,34569.96,34484.07,34562.89,45.115215,2021-05-30 00:39:59,1557331.89896892,669,20.267385,699952.05035537,"BTCUSDT"
"439",2021-05-30 00:40:00,34560.18,34715.92,34560.18,34653.6,65.791153,2021-05-30 00:40:59,2279268.01465871,1759,41.862107,1450167.11994453,"BTCUSDT"
"440",2021-05-30 00:41:00,34653.61,34653.61,34580.61,34592.03,44.064747,2021-05-30 00:41:59,1525167.88015808,932,17.300762,598798.59642366,"BTCUSDT"
"441",2021-05-30 00:42:00,34594.45,34594.56,34515.92,34541.41,22.597227,2021-05-30 00:42:59,780604.70413967,689,10.622799,366965.97110088,"BTCUSDT"
"442",2021-05-30 00:43:00,34543.13,34579.57,34505.81,34549.69,37.412055,2021-05-30 00:43:59,1292406.36706587,843,20.139228,695709.40932,"BTCUSDT"
"443",2021-05-30 00:44:00,34549.69,34549.69,34500.06,34521.94,21.944585,2021-05-30 00:44:59,757523.97195339,514,7.239351,249920.61942727,"BTCUSDT"
"444",2021-05-30 00:45:00,34524.24,34602.83,34520.4,34584.85,31.258285,2021-05-30 00:45:59,1080671.03641455,736,18.887482,652882.85535189,"BTCUSDT"
"445",2021-05-30 00:46:00,34584.84,34640.61,34578.01,34604.17,44.96208,2021-05-30 00:46:59,1556224.65608747,702,33.097061,1145526.89593935,"BTCUSDT"
"446",2021-05-30 00:47:00,34601.54,34645.15,34600,34638.59,24.977708,2021-05-30 00:47:59,864716.87742339,636,9.762136,337997.92171242,"BTCUSDT"
"447",2021-05-30 00:48:00,34638.58,34700,34638.57,34680.17,23.973523,2021-05-30 00:48:59,831293.38597643,736,13.678216,474315.32491578,"BTCUSDT"
"448",2021-05-30 00:49:00,34680.95,34699.31,34650,34659.2,34.607048,2021-05-30 00:49:59,1200326.53575547,701,20.907676,725198.36223419,"BTCUSDT"
"449",2021-05-30 00:50:00,34659.21,34887.99,34652,34847.12,271.498617,2021-05-30 00:50:59,9436102.96182548,2865,127.845259,4443902.06304775,"BTCUSDT"
"450",2021-05-30 00:51:00,34847.12,34852.65,34779.1,34800.04,71.950418,2021-05-30 00:51:59,2503934.10360564,1784,34.897631,1214469.28578955,"BTCUSDT"
"451",2021-05-30 00:52:00,34800.04,34870.58,34746.8,34814.3,110.119313,2021-05-30 00:52:59,3831902.4793217,1419,79.205273,2756544.69208945,"BTCUSDT"
"452",2021-05-30 00:53:00,34814.3,34843.19,34805.55,34813.75,40.932175,2021-05-30 00:53:59,1425428.03463362,979,13.562778,472338.53063008,"BTCUSDT"
"453",2021-05-30 00:54:00,34816.74,34888,34803.77,34880.32,56.352874,2021-05-30 00:54:59,1964104.84120606,1224,22.267277,775937.21396652,"BTCUSDT"
"454",2021-05-30 00:55:00,34880.32,34974.99,34819.88,34827.99,116.618613,2021-05-30 00:55:59,4070911.44018245,2357,76.455773,2668810.97784532,"BTCUSDT"
"455",2021-05-30 00:56:00,34828.4,34838.43,34751.91,34830.86,58.417169,2021-05-30 00:56:59,2032364.99424593,1365,36.028743,1253566.70648993,"BTCUSDT"
"456",2021-05-30 00:57:00,34830.85,34846.7,34754.54,34793.29,45.268009,2021-05-30 00:57:59,1575594.8876802,987,23.92612,832749.20180235,"BTCUSDT"
"457",2021-05-30 00:58:00,34793.28,34812.35,34764.23,34788.16,26.425751,2021-05-30 00:58:59,919417.75174422,621,8.0549,280258.60095997,"BTCUSDT"
"458",2021-05-30 00:59:00,34788.15,34794.53,34760,34770.12,28.698148,2021-05-30 00:59:59,997949.79666376,583,13.887402,482950.82449819,"BTCUSDT"
"459",2021-05-30 01:00:00,34770.13,34865.37,34770.13,34822.49,36.703966,2021-05-30 01:00:59,1278518.29090433,1115,22.839785,795511.80637885,"BTCUSDT"
"460",2021-05-30 01:01:00,34822.48,34822.48,34723.5,34725.76,93.3833,2021-05-30 01:01:59,3246755.27053056,1275,26.901214,935363.33657264,"BTCUSDT"
"461",2021-05-30 01:02:00,34725.77,34788.8,34725.77,34740.85,25.864655,2021-05-30 01:02:59,899093.64734789,677,12.831637,446062.19787257,"BTCUSDT"
"462",2021-05-30 01:03:00,34740.86,34740.86,34631.73,34679.5,77.808093,2021-05-30 01:03:59,2697744.513045,1286,33.575808,1164078.96160117,"BTCUSDT"
"463",2021-05-30 01:04:00,34679.5,34679.51,34633.12,34643.89,52.293664,2021-05-30 01:04:59,1812184.89430495,965,16.712845,579180.44009827,"BTCUSDT"
"464",2021-05-30 01:05:00,34643.89,34735.16,34643.89,34679.13,28.007601,2021-05-30 01:05:59,971347.70524837,685,15.833448,549169.33442274,"BTCUSDT"
"465",2021-05-30 01:06:00,34679.12,34679.12,34638.68,34665.99,16.175457,2021-05-30 01:06:59,560590.05318164,467,5.362419,185839.45460772,"BTCUSDT"
"466",2021-05-30 01:07:00,34666,34719.78,34651.08,34694.44,84.002449,2021-05-30 01:07:59,2914487.34589837,933,37.846973,1313047.30661951,"BTCUSDT"
"467",2021-05-30 01:08:00,34694.44,34833.02,34670,34829.53,203.908878,2021-05-30 01:08:59,7082853.85492462,1513,70.648633,2454144.69818841,"BTCUSDT"
"468",2021-05-30 01:09:00,34829.53,34830.68,34749.77,34783.5,34.824948,2021-05-30 01:09:59,1211601.44151355,872,15.741903,547699.95070682,"BTCUSDT"
"469",2021-05-30 01:10:00,34788.4,34870,34783.37,34829.46,59.951176,2021-05-30 01:10:59,2088628.10262164,875,35.100328,1223089.78027045,"BTCUSDT"
"470",2021-05-30 01:11:00,34827.96,34880.21,34827.96,34837.85,60.457935,2021-05-30 01:11:59,2107254.57289442,877,23.069947,804034.61202744,"BTCUSDT"
"471",2021-05-30 01:12:00,34839.61,34846.91,34768.69,34770.41,47.288011,2021-05-30 01:12:59,1646112.22948401,836,24.157146,840961.91166781,"BTCUSDT"
"472",2021-05-30 01:13:00,34769.23,34827.6,34768.6,34795.19,18.017007,2021-05-30 01:13:59,626929.69260097,560,8.305557,289007.95572028,"BTCUSDT"
"473",2021-05-30 01:14:00,34795.62,34795.63,34716.01,34728.89,39.003561,2021-05-30 01:14:59,1355625.48908062,783,10.993053,382083.4930865,"BTCUSDT"
"474",2021-05-30 01:15:00,34728.11,34791.72,34723.67,34785.4,16.399682,2021-05-30 01:15:59,570131.49400727,474,12.557581,436570.22454681,"BTCUSDT"
"475",2021-05-30 01:16:00,34785.41,34838,34744.44,34746.22,24.165267,2021-05-30 01:16:59,840910.74781093,720,15.506661,539606.22818303,"BTCUSDT"
"476",2021-05-30 01:17:00,34746.23,34773.6,34727.3,34727.71,23.082492,2021-05-30 01:17:59,802111.62963701,649,10.130033,352040.40672127,"BTCUSDT"
"477",2021-05-30 01:18:00,34729.99,34736.48,34661.76,34661.76,31.528512,2021-05-30 01:18:59,1094292.81874617,811,11.496462,399079.29365795,"BTCUSDT"
"478",2021-05-30 01:19:00,34661.76,34720.11,34653.7,34712.19,92.623313,2021-05-30 01:19:59,3213692.62015272,1003,38.011469,1318731.32626868,"BTCUSDT"
"479",2021-05-30 01:20:00,34716.2,34761.63,34700.66,34704.49,35.48795,2021-05-30 01:20:59,1232304.90788734,699,20.633718,716420.91011139,"BTCUSDT"
"480",2021-05-30 01:21:00,34704.48,34750,34704.48,34728.32,15.435129,2021-05-30 01:21:59,536047.70835473,496,7.295649,253357.79905914,"BTCUSDT"
"481",2021-05-30 01:22:00,34728.32,34770,34722.97,34737.45,11.340156,2021-05-30 01:22:59,394000.48702213,454,4.955111,172152.74069916,"BTCUSDT"
"482",2021-05-30 01:23:00,34737.45,34745.88,34700,34741.76,15.774441,2021-05-30 01:23:59,547726.67151424,497,8.854686,307467.12860164,"BTCUSDT"
"483",2021-05-30 01:24:00,34742.34,34769.93,34736.38,34752.17,35.713385,2021-05-30 01:24:59,1241159.68031882,503,14.580656,506696.16799107,"BTCUSDT"
"484",2021-05-30 01:25:00,34752.17,34820,34752.17,34810.52,40.076944,2021-05-30 01:25:59,1394391.76007801,804,19.584427,681433.14218474,"BTCUSDT"
"485",2021-05-30 01:26:00,34808.78,34815.42,34776.37,34813.23,20.118623,2021-05-30 01:26:59,700100.95976716,587,12.463298,433710.9619822,"BTCUSDT"
"486",2021-05-30 01:27:00,34812.22,34814.34,34758.72,34767.11,22.881141,2021-05-30 01:27:59,795990.09792291,521,14.232121,495163.00146034,"BTCUSDT"
"487",2021-05-30 01:28:00,34767.11,34797.84,34765.2,34797.24,16.775873,2021-05-30 01:28:59,583414.70251256,497,8.068061,280559.55743856,"BTCUSDT"
"488",2021-05-30 01:29:00,34797.25,34838,34793.57,34813.55,30.154547,2021-05-30 01:29:59,1049931.61762989,654,16.036022,558363.58545626,"BTCUSDT"
"489",2021-05-30 01:30:00,34812.32,34933,34812.32,34926.4,104.050564,2021-05-30 01:30:59,3630339.17327992,1281,76.931158,2684107.89841682,"BTCUSDT"
"490",2021-05-30 01:31:00,34926.41,35079.95,34926.41,35024.37,190.652747,2021-05-30 01:31:59,6676182.6450578,3540,110.664032,3874570.5478002,"BTCUSDT"
"491",2021-05-30 01:32:00,35027.09,35199.52,35023.93,35109.35,231.266297,2021-05-30 01:32:59,8124791.11283154,4239,144.483476,5075798.05997195,"BTCUSDT"
"492",2021-05-30 01:33:00,35111.1,35258.28,35111.1,35177.94,188.610289,2021-05-30 01:33:59,6640672.24058757,2902,87.91331,3094816.25053148,"BTCUSDT"
"493",2021-05-30 01:34:00,35177.95,35189.68,35095.4,35132.99,72.75809,2021-05-30 01:34:59,2556036.36081948,1862,36.074146,1267264.01732198,"BTCUSDT"
"494",2021-05-30 01:35:00,35132.99,35132.99,35028.96,35073.55,116.244137,2021-05-30 01:35:59,4077009.24418666,2423,58.390726,2047967.81272566,"BTCUSDT"
"495",2021-05-30 01:36:00,35079.41,35082.56,35028.96,35029,87.775424,2021-05-30 01:36:59,3077150.61073472,1841,43.842639,1537148.49990195,"BTCUSDT"
"496",2021-05-30 01:37:00,35030.27,35061.68,34953.41,34955.26,71.821433,2021-05-30 01:37:59,2514127.14979969,1533,20.196237,707087.15541236,"BTCUSDT"
"497",2021-05-30 01:38:00,34955.14,34993.4,34941.85,34967.16,44.942538,2021-05-30 01:38:59,1571583.52004201,1072,26.106866,912913.88415925,"BTCUSDT"
"498",2021-05-30 01:39:00,34964.99,35036.24,34894.37,34894.37,183.109624,2021-05-30 01:39:59,6397215.1412788,1579,117.691856,4112164.3138002,"BTCUSDT"
"499",2021-05-30 01:40:00,34894.38,34953.69,34872.36,34908.06,64.34959,2021-05-30 01:40:59,2246464.99777602,1284,35.105701,1225735.24471297,"BTCUSDT"
"500",2021-05-30 01:41:00,34906.47,34917.82,34906.47,34908.33,0.282921,2021-05-30 01:41:59,9876.77850184,11,0.262696,9170.75752759,"BTCUSDT"
